﻿{
  "game": [
    {
      "sequence": 1,
      "name": "Witch",
      "link": "#",
      "front_image": "witch.png",
      "back_image": "witch_game_img.png",
      "active": true
    },
    {
      "sequence": 2,
      "name": "TopGun",
      "link": "#",
      "front_image": "TopGun.png",
      "back_image": "TopGun_game_img.png",
      "active": true
    },
    {
      "sequence": 3,
      "name": "Football",
      "link": "#",
      "front_image": "Football.png",
      "back_image": "Football_game_img.png",
      "active": true
    },
    {
      "sequence": 4,
      "name": "Easter",
      "link": "#",
      "front_image": "Easter.png",
      "back_image": "Easter_game_img.png",
      "active": true
    },
    {
      "sequence": 5,
      "name": "Ocean King",
      "link": "#",
      "front_image": "OceanKing.png",
      "back_image": "OceanKing_game_img.png",
      "active": true
    },
    {
      "sequence": 6,
      "name": "OceanKing 10000 炮",
      "link": "#",
      "front_image": "OceanKing10000.png",
      "back_image": "OceanKing10000_game_img.png",
      "active": true
    },
    {
      "sequence": 7,
      "name": "DaShengNaoHai",
      "link": "#",
      "front_image": "DaShengNaoHai.png",
      "back_image": "DaShengNaoHai_game_img.png",
      "active": true
    },
    {
      "sequence": 8,
      "name": "DaShengNaoHai 10000 炮",
      "link": "#",
      "front_image": "DaShengNaoHai10000.png",
      "back_image": "DaShengNaoHai10000_game_img.png",
      "active": true
    },
    {
      "sequence": 9,
      "name": "LiKuiPiYu",
      "link": "#",
      "front_image": "LiKuiPiYu.png",
      "back_image": "LiKuiPiYu_game_img.png",
      "active": true
    },
    {
      "sequence": 10,
      "name": "LiKuiPiYu 10000炮",
      "link": "#",
      "front_image": "LiKuiPiYu10000.png",
      "back_image": "LiKuiPiYu10000_game_img.png",
      "active": true
    },
    {
      "sequence": 11,
      "name": "Fishing Star",
      "link": "#",
      "front_image": "FishingStar.png",
      "back_image": "FishingStar_game_img.png",
      "active": true
    },
    {
      "sequence": 12,
      "name": "Fishing Star 10000炮",
      "link": "#",
      "front_image": "FishingStar10000.png",
      "back_image": "FishingStar10000_game_img.png",
      "active": true
    },
    {
      "sequence": 13,
      "name": "Roulette",
      "link": "#",
      "front_image": "Roulette.png",
      "back_image": "Roulette_game_img.png",
      "active": true
    },
    {
      "sequence": 14,
      "name": "Roulette12",
      "link": "#",
      "front_image": "Roulette12.png",
      "back_image": "Roulette12_game_img.png",
      "active": true
    },
    {
      "sequence": 15,
      "name": "Roulette24",
      "link": "#",
      "front_image": "Roulette24.png",
      "back_image": "Roulette24_game_img.png",
      "active": true
    },
    {
      "sequence": 16,
      "name": "Roulette73",
      "link": "#",
      "front_image": "Roulette73.png",
      "back_image": "Roulette73_game_img.png",
      "active": true
    },
    {
      "sequence": 17,
      "name": "The Bull",
      "link": "#",
      "front_image": "TheBull.png",
      "back_image": "TheBull_game_img.png",
      "active": true
    },
    {
      "sequence": 18,
      "name": "DragonTiger",
      "link": "#",
      "front_image": "DragonTiger.png",
      "back_image": "DragonTiger_game_img.png",
      "active": true
    },
    {
      "sequence": 19,
      "name": "Belangkai",
      "link": "#",
      "front_image": "Belangkai.png",
      "back_image": "Belangkai_game_img.png",
      "active": true
    },
    {
      "sequence": 20,
      "name": "Sicbo",
      "link": "#",
      "front_image": "Sicbo.png",
      "back_image": "Sicbo_game_img.png",
      "active": true
    },
    {
      "sequence": 21,
      "name": "Hulu cock",
      "link": "#",
      "front_image": "Hulucock.png",
      "back_image": "Hulucock_game_img.png",
      "active": true
    },
    {
      "sequence": 22,
      "name": "Baccarat",
      "link": "#",
      "front_image": "Baccarat.png",
      "back_image": "Baccarat_game_img.png",
      "active": true
    },
    {
      "sequence": 23,
      "name": "Blackjack",
      "link": "#",
      "front_image": "Blackjack.png",
      "back_image": "Blackjack_game_img.png",
      "active": true
    },
    {
      "sequence": 24,
      "name": "Hold'Em",
      "link": "#",
      "front_image": "HoldEm.png",
      "back_image": "HoldEm_game_img.png",
      "active": true
    },
    {
      "sequence": 25,
      "name": "Casino War",
      "link": "#",
      "front_image": "CasinoWar.png",
      "back_image": "Casinowar_game_img.png",
      "active": true
    },
    {
      "sequence": 26,
      "name": "Poker Three",
      "link": "#",
      "front_image": "PokerThree.png",
      "back_image": "PokerThree_game_img.png",
      "active": true
    },
    {
      "sequence": 27,
      "name": "Single Pick",
      "link": "#",
      "front_image": "SinglePick.png",
      "back_image": "Singlepick_game_img.png",
      "active": true
    },
    {
      "sequence": 28,
      "name": "Thunderbolt",
      "link": "#",
      "front_image": "Thunderbolt.png",
      "back_image": "Thunderbolt_game_img.png",
      "active": true
    },
    {
      "sequence": 29,
      "name": "King Derby",
      "link": "#",
      "front_image": "KingDerby.png",
      "back_image": "KingDerby_game_img.png",
      "active": true
    },
    {
      "sequence": 30,
      "name": "Motorbike",
      "link": "#",
      "front_image": "Motorbike.png",
      "back_image": "Motorbike_game_img.png",
      "active": true
    },
    {
      "sequence": 31,
      "name": "WuKong",
      "link": "#",
      "front_image": "WuKong.png",
      "back_image": "WuKong_game_img.png",
      "active": true
    },
    {
      "sequence": 32,
      "name": "JinQianWa",
      "link": "#",
      "front_image": "JinQianWa.png",
      "back_image": "JinQianWa_game_img.png",
      "active": true
    },
    {
      "sequence": 33,
      "name": "Fortune Panda",
      "link": "#",
      "front_image": "FortunePanda.png",
      "back_image": "Fortune_Panda_game_img.png",
      "active": true
    },
    {
      "sequence": 34,
      "name": "RobinHood",
      "link": "#",
      "front_image": "RobinHood.png",
      "back_image": "RobinHood_game_img.png",
      "active": true
    },
    {
      "sequence": 35,
      "name": "Alice",
      "link": "#",
      "front_image": "Alice.png",
      "back_image": "Alice_game_img.png",
      "active": true
    },
    {
      "sequence": 36,
      "name": "African Wildlife",
      "link": "#",
      "front_image": "AfricanWildlife.png",
      "back_image": "AfricanWildlife_game_img.png",
      "active": true
    },
    {
      "sequence": 37,
      "name": "Season",
      "link": "#",
      "front_image": "Season.png",
      "back_image": "Season_game_img.png",
      "active": true
    },
    {
      "sequence": 38,
      "name": "Laura",
      "link": "#",
      "front_image": "Laura.png",
      "back_image": "Laura_game_img.png",
      "active": true
    },
    {
      "sequence": 39,
      "name": "Pirate",
      "link": "#",
      "front_image": "Pirate.png",
      "back_image": "Pirate_game_img.png",
      "active": true
    },
    {
      "sequence": 40,
      "name": "Amazon",
      "link": "#",
      "front_image": "Amazon.png",
      "back_image": "Amazon_game_img.png",
      "active": true
    },
    {
      "sequence": 41,
      "name": "Aladdin",
      "link": "#",
      "front_image": "Aladdin.png",
      "back_image": "Aladdin_game_img.png",
      "active": true
    },
    {
      "sequence": 42,
      "name": "OceanParadise",
      "link": "#",
      "front_image": "OceanParadise.png",
      "back_image": "OceanParadise_game_img.png",
      "active": true
    },
    {
      "sequence": 43,
      "name": "PanJinLian",
      "link": "#",
      "front_image": "PanJinLian.png",
      "back_image": "PanJinLian_game_img.png",
      "active": true
    },
    {
      "sequence": 44,
      "name": "MagicalSpin",
      "link": "#",
      "front_image": "MagicalSpin.png",
      "back_image": "MagicalSpin_game_img.png",
      "active": true
    },
    {
      "sequence": 45,
      "name": "PirateShip",
      "link": "#",
      "front_image": "PirateShip.png",
      "back_image": "Pirate_Ship_img.png",
      "active": true
    },
    {
      "sequence": 46,
      "name": "HalloweenParty",
      "link": "#",
      "front_image": "HalloweenParty.png",
      "back_image": "HalloweenParty_game_img.png",
      "active": true
    },
    {
      "sequence": 47,
      "name": "CookiePop",
      "link": "#",
      "front_image": "CookiePop.png",
      "back_image": "CookiePop_game_img.png",
      "active": true
    },
    {
      "sequence": 48,
      "name": "ShiningStars",
      "link": "#",
      "front_image": "ShiningStars.png",
      "back_image": "ShiningStars_game_img.png",
      "active": true
    },
    {
      "sequence": 49,
      "name": "FairyGarden",
      "link": "#",
      "front_image": "FairyGarden.png",
      "back_image": "FairyGarden_game_img.png",
      "active": true
    },
    {
      "sequence": 50,
      "name": "StoneAge",
      "link": "#",
      "front_image": "StoneAge.png",
      "back_image": "StoneAge_game_img.png",
      "active": true
    },
    {
      "sequence": 51,
      "name": "WesternRanch",
      "link": "#",
      "front_image": "WesternRanch.png",
      "back_image": "WesternRanch_game_img.png",
      "active": true
    },
    {
      "sequence": 52,
      "name": "MoneyFever",
      "link": "#",
      "front_image": "MoneyFever.png",
      "back_image": "MoneyFever_game_img.png",
      "active": true
    },
    {
      "sequence": 53,
      "name": "TressureIsland",
      "link": "#",
      "front_image": "TreasureIsland.png",
      "back_image": "TressureIsland_game_img.png",
      "active": true
    },
    {
      "sequence": 54,
      "name": "GoldenTree",
      "link": "#",
      "front_image": "GoldenTree.png",
      "back_image": "GoldenTree_game_img.png",
      "active": true
    },
    {
      "sequence": 55,
      "name": "Ranch Story",
      "link": "#",
      "front_image": "RanchStory.png",
      "back_image": "RanchStory_game_img.png",
      "active": true
    },
    {
      "sequence": 56,
      "name": "SeaWorld",
      "link": "#",
      "front_image": "SeaWorld.png",
      "back_image": "SeaWorld_game_img.png",
      "active": true
    },
    {
      "sequence": 57,
      "name": "Circus",
      "link": "#",
      "front_image": "Circus.png",
      "back_image": "Circus_game_img.png",
      "active": true
    },
    {
      "sequence": 58,
      "name": "Fong Shen",
      "link": "#",
      "front_image": "FengShen.png",
      "back_image": "FongShen_game_img.png",
      "active": true
    },
    {
      "sequence": 59,
      "name": "Three Kingdoms",
      "link": "#",
      "front_image": "ThreeKingdoms.png",
      "back_image": "ThreeKingdom_game_img.png",
      "active": true
    },
    {
      "sequence": 60,
      "name": "Water Margin",
      "link": "#",
      "front_image": "WaterMargin.png",
      "back_image": "WaterMargin_game_img.png",
      "active": true
    },
    {
      "sequence": 61,
      "name": "GodOfWealth",
      "link": "#",
      "front_image": "GodOfWealth.png",
      "back_image": "GodOfWealth_game_img.png",
      "active": true
    },
    {
      "sequence": 62,
      "name": "Five Dragon",
      "link": "#",
      "front_image": "FiveDragon.png",
      "back_image": "FiveDragon_game_img.png",
      "active": true
    },
    {
      "sequence": 63,
      "name": "Wealth",
      "link": "#",
      "front_image": "Wealth.png",
      "back_image": "Wealth_game_img.png",
      "active": true
    },
    {
      "sequence": 64,
      "name": "Aztec",
      "link": "#",
      "front_image": "Aztec.png",
      "back_image": "Aztec_game_img.png",
      "active": true
    },
    {
      "sequence": 65,
      "name": "Crystal",
      "link": "#",
      "front_image": "Crystal.png",
      "back_image": "Crystal_game_img.png",
      "active": true
    },
    {
      "sequence": 66,
      "name": "Garden",
      "link": "#",
      "front_image": "Garden.png",
      "back_image": "Garden_game_img.png",
      "active": true
    },
    {
      "sequence": 67,
      "name": "Green Light",
      "link": "#",
      "front_image": "GreenLight.png",
      "back_image": "GreenLight_game_img.png",
      "active": true
    },
    {
      "sequence": 68,
      "name": "Victory",
      "link": "#",
      "front_image": "Victory.png",
      "back_image": "Victory_game_img.png",
      "active": true
    },
    {
      "sequence": 69,
      "name": "Dragon Gold",
      "link": "#",
      "front_image": "DragonGold.png",
      "back_image": "DragonGold_game_img.png",
      "active": true
    },
    {
      "sequence": 70,
      "name": "Tally Ho",
      "link": "#",
      "front_image": "TallyHo.png",
      "back_image": "TallyHo_game_img.png",
      "active": true
    },
    {
      "sequence": 71,
      "name": "Fortune",
      "link": "#",
      "front_image": "Fortune.png",
      "back_image": "Fortune_game_img.png",
      "active": true
    },
    {
      "sequence": 72,
      "name": "Orient",
      "link": "#",
      "front_image": "Orient.png",
      "back_image": "Orient_game_img.png",
      "active": true
    },
    {
      "sequence": 73,
      "name": "Rally",
      "link": "#",
      "front_image": "Rally.png",
      "back_image": "Rally_game_img.png",
      "active": true
    },
    {
      "sequence": 74,
      "name": "BoyKing",
      "link": "#",
      "front_image": "BoyKing.png",
      "back_image": "BoyKing_game_img.png",
      "active": true
    },
    {
      "sequence": 75,
      "name": "Dragon",
      "link": "#",
      "front_image": "Dragon.png",
      "back_image": "Dragon_game_img.png",
      "active": true
    },
    {
      "sequence": 76,
      "name": "Sea Captain",
      "link": "#",
      "front_image": "SeaCaptain.png",
      "back_image": "SeaCaptain_game_img.png",
      "active": true
    },
    {
      "sequence": 77,
      "name": "Coyote Cash",
      "link": "#",
      "front_image": "CoyoteCash.png",
      "back_image": "CoyoteCash_game_img.png",
      "active": true
    },
    {
      "sequence": 78,
      "name": "T-Rex",
      "link": "#",
      "front_image": "T-Rex.png",
      "back_image": "T-Rex_game_img.png",
      "active": true
    },
    {
      "sequence": 79,
      "name": "Fashion",
      "link": "#",
      "front_image": "Fashion.png",
      "back_image": "Fashion_game_img.png",
      "active": true
    },
    {
      "sequence": 80,
      "name": "PayDirt",
      "link": "#",
      "front_image": "PayDirt.png",
      "back_image": "PayDirt_game_img.png",
      "active": true
    },
    {
      "sequence": 81,
      "name": "Fame",
      "link": "#",
      "front_image": "Fame.png",
      "back_image": "Fame_game_img.png",
      "active": true
    },
    {
      "sequence": 82,
      "name": "Big shot",
      "link": "#",
      "front_image": "Bigshot.png",
      "back_image": "Bigshot_game_img.png",
      "active": true
    },
    {
      "sequence": 83,
      "name": "Cleopatra",
      "link": "#",
      "front_image": "Cleopatra.png",
      "back_image": "Cleopatra_game_img.png",
      "active": true
    },
    {
      "sequence": 84,
      "name": "Twister",
      "link": "#",
      "front_image": "Twister.png",
      "back_image": "Twister_game_img.png",
      "active": true
    },
    {
      "sequence": 85,
      "name": "Girls",
      "link": "#",
      "front_image": "Girls.png",
      "back_image": "Girls_game_img.png",
      "active": true
    },
    {
      "sequence": 86,
      "name": "Golden Slut",
      "link": "#",
      "front_image": "GoldenSlut.png",
      "back_image": "GoldenSlut_game_img.png",
      "active": true
    },
    {
      "sequence": 87,
      "name": "Emperor Gate",
      "link": "#",
      "front_image": "EmperorGate.png",
      "back_image": "EmperorGate_game_img.png",
      "active": true
    },
    {
      "sequence": 88,
      "name": "Iceland",
      "link": "#",
      "front_image": "Iceland.png",
      "back_image": "Iceland_game_img.png",
      "active": true
    },
    {
      "sequence": 89,
      "name": "Japan",
      "link": "#",
      "front_image": "Japan.png",
      "back_image": "Japan_game_img.png",
      "active": true
    },
    {
      "sequence": 90,
      "name": "Boxing",
      "link": "#",
      "front_image": "Boxing.png",
      "back_image": "Boxing_game_img.png",
      "active": true
    },
    {
      "sequence": 91,
      "name": "Panda",
      "link": "#",
      "front_image": "Panda.png",
      "back_image": "Panda_game_img.png",
      "active": true
    },
    {
      "sequence": 92,
      "name": "India",
      "link": "#",
      "front_image": "India.png",
      "back_image": "India_game_img.png",
      "active": true
    },
    {
      "sequence": 93,
      "name": "WildFox",
      "link": "#",
      "front_image": "WildFox.png",
      "back_image": "WildFox_game_img.png",
      "active": true
    },
    {
      "sequence": 94,
      "name": "Golden Lotus",
      "link": "#",
      "front_image": "GoldenLotus.png",
      "back_image": "GoldenLotus_game_img.png",
      "active": true
    },
    {
      "sequence": 95,
      "name": "Prosperity",
      "link": "#",
      "front_image": "Prosperity.png",
      "back_image": "Prosperity_game_img.png",
      "active": true
    },
    {
      "sequence": 96,
      "name": "Wong Choy",
      "link": "#",
      "front_image": "WongChoy.png",
      "back_image": "WongChoy_game_img.png",
      "active": true
    },
    {
      "sequence": 97,
      "name": "HighWay",
      "link": "#",
      "front_image": "HighWay.png",
      "back_image": "HighWay_game_img.png",
      "active": true
    },
    {
      "sequence": 98,
      "name": "ZhaoCaiJinBao",
      "link": "#",
      "front_image": "ZhaoCaiJinBao.png",
      "back_image": "ZhaoCaiJinBao_game_img.png",
      "active": true
    },
    {
      "sequence": 99,
      "name": "GreatStars",
      "link": "#",
      "front_image": "GreatStars.png",
      "back_image": "GreatStars_game_img.png",
      "active": true
    },
    {
      "sequence": 100,
      "name": "Kimochi",
      "link": "#",
      "front_image": "Kimochi.png",
      "back_image": "Kimochi_game_img.png",
      "active": true
    },
    {
      "sequence": 101,
      "name": "NianNianYouYu",
      "link": "#",
      "front_image": "NianNianYouYu.png",
      "back_image": "NianNianYouYu_game_img.png",
      "active": true
    },
    {
      "sequence": 102,
      "name": "Captain",
      "link": "#",
      "front_image": "Captain.png",
      "back_image": "Captain_game_img.png",
      "active": true
    },
    {
      "sequence": 103,
      "name": "Sparta",
      "link": "#",
      "front_image": "Sparta.png",
      "back_image": "Sparta_game_img.png",
      "active": true
    },
    {
      "sequence": 104,
      "name": "Silver",
      "link": "#",
      "front_image": "Silver.png",
      "back_image": "Silver_game_img.png",
      "active": true
    },
    {
      "sequence": 105,
      "name": "Panther Moon",
      "link": "#",
      "front_image": "PantherMoon.png",
      "back_image": "PantherMoon_game_img.png",
      "active": true
    },
    {
      "sequence": 106,
      "name": "Safari Heat",
      "link": "#",
      "front_image": "SafariHeat.png",
      "back_image": "SafariHeat_game_img.png",
      "active": true
    },
    {
      "sequence": 107,
      "name": "Thai",
      "link": "#",
      "front_image": "Thai.png",
      "back_image": "Thai_game_img.png",
      "active": true
    },
    {
      "sequence": 108,
      "name": "Bonus Bears",
      "link": "#",
      "front_image": "BonusBears.png",
      "back_image": "BonusBears_game_img.png",
      "active": true
    },
    {
      "sequence": 109,
      "name": "Cherry Love",
      "link": "#",
      "front_image": "CherryLove.png",
      "back_image": "CherryLove_game_img.png",
      "active": true
    },
    {
      "sequence": 110,
      "name": "Great Blue",
      "link": "#",
      "front_image": "GreatBlue.png",
      "back_image": "GreatBlue_game_img.png",
      "active": true
    },
    {
      "sequence": 111,
      "name": "IrishLuck",
      "link": "#",
      "front_image": "IrishLuck.png",
      "back_image": "IrishLuck_game_img.png",
      "active": true
    },
    {
      "sequence": 112,
      "name": "The Discovery",
      "link": "#",
      "front_image": "TheDiscovery.png",
      "back_image": "TheDiscovery_game_img.png",
      "active": true
    },
    {
      "sequence": 113,
      "name": "Spartan",
      "link": "#",
      "front_image": "Spartan.png",
      "back_image": "Spartan_game_img.png",
      "active": true
    },
    {
      "sequence": 114,
      "name": "Fruit",
      "link": "#",
      "front_image": "Fruit.png",
      "back_image": "Fruit_game_img.png",
      "active": true
    },
    {
      "sequence": 115,
      "name": "Golden Tour",
      "link": "#",
      "front_image": "GoldenTour.png",
      "back_image": "GoldenTour_game_img.png",
      "active": true
    },
    {
      "sequence": 116,
      "name": "A Night Out",
      "link": "#",
      "front_image": "ANightOut.png",
      "back_image": "ANightOut_game_img.png",
      "active": true
    },
    {
      "sequence": 117,
      "name": "Samurai",
      "link": "#",
      "front_image": "Samurai.png",
      "back_image": "Samurai_game_img.png",
      "active": true
    },
    {
      "sequence": 118,
      "name": "Dolphin Reef",
      "link": "#",
      "front_image": "DolphinReef.png",
      "back_image": "DolphinReef_game_img.png",
      "active": true
    },
    {
      "sequence": 119,
      "name": "Reel Classic",
      "link": "#",
      "front_image": "ReelClassic.png",
      "back_image": "RealClassic_game_img.png",
      "active": true
    },
    {
      "sequence": 120,
      "name": "Crazy7",
      "link": "#",
      "front_image": "Crazy7.png",
      "back_image": "Crazy7_game_img.png",
      "active": true
    },
    {
      "sequence": 121,
      "name": "Monkey Slots",
      "link": "#",
      "front_image": "MonkeySlots.png",
      "back_image": "MonkeySlots_game_img.png",
      "active": true
    },
    {
      "sequence": 122,
      "name": "Ball Shots",
      "link": "#",
      "front_image": "BallShots.png",
      "back_image": "BallSlots_game_img.png",
      "active": true
    },
    {
      "sequence": 123,
      "name": "Monkey Story Plus",
      "link": "#",
      "front_image": "MonkeyStoryPlus.png",
      "back_image": "MonkeyStoryPlus_game_img.png",
      "active": true
    },
    {
      "sequence": 124,
      "name": "Battle World",
      "link": "#",
      "front_image": "BattleWorld.png",
      "back_image": "BattleWorld_game_img.png",
      "active": true
    },
    {
      "sequence": 125,
      "name": "Racing Car",
      "link": "#",
      "front_image": "RacingCar.png",
      "back_image": "RacingCar_game_img.png",
      "active": true
    },
    {
      "sequence": 126,
      "name": "Pokemon",
      "link": "#",
      "front_image": "Pokemon.png",
      "back_image": "Pokemon_game_img.png",
      "active": true
    },
    {
      "sequence": 128,
      "name": "Forest Dance",
      "link": "#",
      "front_image": "ForestDance.png",
      "back_image": "ForestDance_game_img.png",
      "active": true
    },
    {
      "sequence": 129,
      "name": "Shark",
      "link": "#",
      "front_image": "Shark.png",
      "back_image": "Sharp_game_img.png",
      "active": true
    },
    {
      "sequence": 130,
      "name": "Phoenix",
      "link": "#",
      "front_image": "Phoenix.png",
      "back_image": "Phoenix_game_img.png",
      "active": true
    }
  ]
}