{
  "game": [
    {
      "sequence": 1,
      "name": "Sizzling",
      "link": "#",
      "front_image": "sizzling_hot_deluxe.png",
      "back_image": "sizzling_hot_deluxe_in_game_image.png",
      "active": true
    },
    {
      "sequence": 2,
      "name": "Five Tiger",
      "link": "#",
      "front_image": "five_tiger_generals.png",
      "back_image": "five_tiger_generals_in_game_image.png",
      "active": true
    },
    {
      "sequence": 3,
      "name": "Four Dragons",
      "link": "#",
      "front_image": "four_dragons.png",
      "back_image": "four_dragons_in_game_image.png",
      "active": true
    },
    {
      "sequence": 4,
      "name": "Beanstalk",
      "link": "#",
      "front_image": "beanstalk.png",
      "back_image": "beanstalk_in_game_image.png",
      "active": true
    },
    {
      "sequence": 5,
      "name": "5 KOI Legends",
      "link": "#",
      "front_image": "5_KOI_legends.png",
      "back_image": "5_koi_legends_in_game_image.png",
      "active": true
    },
    {
      "sequence": 6,
      "name": "Choy Sun Doa",
      "link": "#",
      "front_image": "choy_sun_doa.png",
      "back_image": "choy_sun_doa_in_game_image.png",
      "active": true
    },
    {
      "sequence": 7,
      "name": "Aladdin",
      "link": "#",
      "front_image": "aladdin.png",
      "back_image": "aladdin_in_game_image.png",
      "active": true
    },
    {
      "sequence": 8,
      "name": "Ancient Egypt",
      "link": "#",
      "front_image": "ancient_egypt.png",
      "back_image": "ancient_egypt_in_game_image.png",
      "active": true
    },
    {
      "sequence": 9,
      "name": "Burning Pearl",
      "link": "#",
      "front_image": "Burning_Pearl.png",
      "back_image": "Burning_Pearl_in_game_image.png",
      "active": true
    },
    {
      "sequence": 10,
      "name": "Captain Roger",
      "link": "#",
      "front_image": "Captain_Roger.png",
      "back_image": "Captain_Roger_in_game_image.png",
      "active": true
    },
    {
      "sequence": 11,
      "name": "Dolphin Pearl",
      "link": "#",
      "front_image": "Dolphin_Pearl.png",
      "back_image": "Dolphin_Pearl_in_game_image.png",
      "active": true
    },
    {
      "sequence": 12,
      "name": "Dolphin Treasure",
      "link": "#",
      "front_image": "Dolphin_Treasure.png",
      "back_image": "Dolphin_Treasure_in_game_image.png",
      "active": true
    },
    {
      "sequence": 13,
      "name": "Dragon Palace",
      "link": "#",
      "front_image": "Dragon_Palace.png",
      "back_image": "Dragon_Palace_in_game_image.png",
      "active": true
    },
    {
      "sequence": 14,
      "name": "Dragon Legend ",
      "link": "#",
      "front_image": "Dragon_Legend.png",
      "back_image": "Dragon_Legend_in_game_image.png",
      "active": true
    },
    {
      "sequence": 15,
      "name": "Alice",
      "link": "#",
      "front_image": "Alice.png",
      "back_image": "alice_in_game_image.png",
      "active": true
    }

  ]
}