{
  "game": [
    {
      "sequence": 1,
      "name": "Adventures Wonder Land Deluxe",
      "link": "#",
      "front_image": "adventureswonderlanddeluxe.png",
      "back_image": "adventureswonderlanddeluxein_game_image.jpg",
      "active": true
    },
    {
      "sequence": 2,
      "name": "Age Of The Gods",
      "link": "#",
      "front_image": "ageofthegods.png",
      "back_image": "Ageofthegodsin_game_image.jpg",
      "active": true
    },
    {
      "sequence": 3,
      "name": "Age Of The Gods 1",
      "link": "#",
      "front_image": "ageofthegods_1.png",
      "back_image": "ageofthegodsin_game_image_1.jpg",
      "active": true
    },
    {
      "sequence": 4,
      "name": "Amazonwild",
      "link": "#",
      "front_image": "amazonwild.png",
      "back_image": "amazonwildin_game_image.jpg",
      "active": true
    },
    {
      "sequence": 5,
      "name": "Archer",
      "link": "#",
      "front_image": "archer.png",
      "back_image": "archerin_game_image.jpg",
      "active": true
    },
    {
      "sequence": 6,
      "name": "Arctic Adventure",
      "link": "#",
      "front_image": "arcticadventure.png",
      "back_image": "arcticadventurein_game_image.jpg",
      "active": true
    },
    {
      "sequence": 7,
      "name": "Arctic Treasure",
      "link": "#",
      "front_image": "arctictreasure.png",
      "back_image": "arctictreasurein_game_image.jpg",
      "active": true
    },
    {
      "sequence": 8,
      "name": "Atlantis Queen",
      "link": "#",
      "front_image": "atlantisqueen.png",
      "back_image": "atlantisqueenin_game_image.jpg",
      "active": true
    },
    {
      "sequence": 9,
      "name": "Beach Life",
      "link": "#",
      "front_image": "beachlife.png",
      "back_image": "beachlifein_game_image.jpg",
      "active": true
    },
    {
      "sequence": 10,
      "name": "Bermuda Triangle",
      "link": "#",
      "front_image": "bermudatriangle.png",
      "back_image": "bermudatrianglein_game_image.jpg",
      "active": true
    },
    {
      "sequence": 11,
      "name": "Bonus Bears",
      "link": "#",
      "front_image": "bonusbears.png",
      "back_image": "bonusbearsin_game_image.jpg",
      "active": true
    },
    {
      "sequence": 12,
      "name": "Bounty Of Thebeans Talk",
      "link": "#",
      "front_image": "bountyofthebeanstalk.png",
      "back_image": "bountyofthebeanstalkin_game_image.jpg",
      "active": true
    },
    {
      "sequence": 13,
      "name": "Buffalo Blitz",
      "link": "#",
      "front_image": "buffaloblitz.png",
      "back_image": "buffaloblitzin_game_image.jpg",
      "active": true
    },
    {
      "sequence": 14,
      "name": "Captains Treasure",
      "link": "#",
      "front_image": "captainstreasure.png",
      "back_image": "captainstreasurein_game_image.jpg",
      "active": true
    },
    {
      "sequence": 15,
      "name": "Catinvegas",
      "link": "#",
      "front_image": "catinvegas.png",
      "back_image": "catinvegasin_game_image.jpg",
      "active": true
    },
    {
      "sequence": 16,
      "name": "Cat Queen",
      "link": "#",
      "front_image": "catqueen.png",
      "back_image": "catqueenin_game_image.jpg",
      "active": true
    },
    {
      "sequence": 17,
      "name": "Chaoji888",
      "link": "#",
      "front_image": "chaoji888.png",
      "back_image": "chaoji888in_game_image.jpg",
      "active": true
    },
    {
      "sequence": 18,
      "name": "Cherry Love",
      "link": "#",
      "front_image": "cherrylove.png",
      "back_image": "cherrylovein_game_image.jpg",
      "active": true
    },
    {
      "sequence": 19,
      "name": "Chests Of Plenty",
      "link": "#",
      "front_image": "chestsofplenty.png",
      "back_image": "chestsofplentyin_game_image.jpg",
      "active": true
    },
    {
      "sequence": 20,
      "name": "Chinese Kitchen",
      "link": "#",
      "front_image": "chinesekitchen.png",
      "back_image": "chinesekitchenin_game_image.jpg",
      "active": true
    },
    {
      "sequence": 21,
      "name": "Copsnbandits",
      "link": "#",
      "front_image": "copsnbandits.png",
      "back_image": "copsnbanditin_game_image.jpg",
      "active": true
    },
    {
      "sequence": 22,
      "name": "Cow Boys Aliens",
      "link": "#",
      "front_image": "cowboysaliens.png",
      "back_image": "cowboysaliensin_game_image.jpg",
      "active": true
    },
    {
      "sequence": 23,
      "name": "Crazy7",
      "link": "#",
      "front_image": "crazy7.png",
      "back_image": "crazy7in_game_image.jpg",
      "active": true
    },
    {
      "sequence": 24,
      "name": "Daringdave The Eye Of Ra",
      "link": "#",
      "front_image": "daringdavetheeyeofra.png",
      "back_image": "daringdavetheeyeofrain_game_image.jpg",
      "active": true
    },
    {
      "sequence": 25,
      "name": "Desert Treasure",
      "link": "#",
      "front_image": "deserttreasure.png",
      "back_image": "deserttreasurein_game_image.jpg",
      "active": true
    },
    {
      "sequence": 26,
      "name": "Dolpinreef",
      "link": "#",
      "front_image": "dolpinreef.png",
      "back_image": "dolphinreefin_game_image.jpg",
      "active": true
    },
    {
      "sequence": 27,
      "name": "Donquixote",
      "link": "#",
      "front_image": "donquixote.png",
      "back_image": "donquixotein_game_image.jpg",
      "active": true
    },
    {
      "sequence": 28,
      "name": "Dragon Champions",
      "link": "#",
      "front_image": "dragonchampions.png",
      "back_image": "dragonchampionsin_game_image.jpg",
      "active": true
    },
    {
      "sequence": 29,
      "name": "Drlovemore",
      "link": "#",
      "front_image": "drlovemore.png",
      "back_image": "drlovemorein_game_image.jpg",
      "active": true
    },
    {
      "sequence": 30,
      "name": "Easter Surprise",
      "link": "#",
      "front_image": "eastersurprise.png",
      "back_image": "eastersurprisein_game_image.jpg",
      "active": true
    },
    {
      "sequence": 31,
      "name": "Epicape",
      "link": "#",
      "front_image": "epicape.png",
      "back_image": "epicapein_game_image.jpg",
      "active": true
    },
    {
      "sequence": 32,
      "name": "Esmeralda",
      "link": "#",
      "front_image": "esmeralda.png",
      "back_image": "esmeraldain_game_image.jpg",
      "active": true
    },
    {
      "sequence": 33,
      "name": "Everybodys Jackpot",
      "link": "#",
      "front_image": "everybodysjackpot.png",
      "back_image": "everybodysjackpotin_game_image.jpg",
      "active": true
    },
    {
      "sequence": 34,
      "name": "Fairest Of The Mall",
      "link": "#",
      "front_image": "fairestofthemall.png",
      "back_image": "fairestofthemallin_game_image.jpg",
      "active": true
    },
    {
      "sequence": 35,
      "name": "Fate sisters",
      "link": "#",
      "front_image": "Fatesisters.png",
      "back_image": "fatesistersin_game_image.jpg",
      "active": true
    },
    {
      "sequence": 36,
      "name": "Feicuigongzhu",
      "link": "#",
      "front_image": "feicuigongzhu.png",
      "back_image": "feicuigongzhuin_game_image.jpg",
      "active": true
    },
    {
      "sequence": 37,
      "name": "Feilongzaitian",
      "link": "#",
      "front_image": "feilongzaitian.png",
      "back_image": "feilongzaitianin_game_image.jpg",
      "active": true
    },
    {
      "sequence": 38,
      "name": "Fengkuangmajiang",
      "link": "#",
      "front_image": "fengkuangmajiang.png",
      "back_image": "fengkuangmajiangin_game_image.jpg",
      "active": true
    },
    {
      "sequence": 39,
      "name": "Five Tiger Generals",
      "link": "#",
      "front_image": "fivetigergenerals.png",
      "back_image": "fivetigergeneralsin_game_image.jpg",
      "active": true
    },
    {
      "sequence": 40,
      "name": "Football Carnival",
      "link": "#",
      "front_image": "footballcarnival.png",
      "back_image": "footballcarnivalin_game_image.jpg",
      "active": true
    },
    {
      "sequence": 41,
      "name": "Football Rules",
      "link": "#",
      "front_image": "footballrules.png",
      "back_image": "footballrulesin_game_image.jpg",
      "active": true
    },
    {
      "sequence": 42,
      "name": "Forest Of Wonders",
      "link": "#",
      "front_image": "forestofwonders.png",
      "back_image": "forestofwondersin_game_image.jpg",
      "active": true
    },
    {
      "sequence": 43,
      "name": "Fortunate Five",
      "link": "#",
      "front_image": "fortunatefive.png",
      "back_image": "fortunatefivein_game_image.jpg",
      "active": true
    },
    {
      "sequence": 44,
      "name": "Fortunes Of The Foxy",
      "link": "#",
      "front_image": "fortunesofthefoxy.png",
      "back_image": "fortunesofthefoxyin_game_image.jpg",
      "active": true
    },
    {
      "sequence": 45,
      "name": "Founta In Of Youth",
      "link": "#",
      "front_image": "fountainofyouth.png",
      "back_image": "fountainofyouthin_game_image.jpg",
      "active": true
    },
    {
      "sequence": 46,
      "name": "Fruitmania",
      "link": "#",
      "front_image": "fruitmania.png",
      "back_image": "fruitmaniain_game_image.jpg",
      "active": true
    },
    {
      "sequence": 47,
      "name": "Full Moon Fortunes",
      "link": "#",
      "front_image": "fullmoonfortunes.png",
      "back_image": "fullmoonfortunesin_game_image.jpg",
      "active": true
    },
    {
      "sequence": 48,
      "name": "Funky Fruit",
      "link": "#",
      "front_image": "funkyfruit.png",
      "back_image": "funkyfruitin_game_image.jpg",
      "active": true
    },
    {
      "sequence": 49,
      "name": "Funky Fruits Farm",
      "link": "#",
      "front_image": "funkyfruitsfarm.png",
      "back_image": "funkyfruitsfarmin_game_image.jpg",
      "active": true
    },
    {
      "sequence": 50,
      "name": "funkymonkey",
      "link": "#",
      "front_image": "funkymonkey.png",
      "back_image": "funkymonkeyin_game_image.jpg",
      "active": true
    },
    {
      "sequence": 51,
      "name": "Funky Monkey Jackpot",
      "link": "#",
      "front_image": "funkymonkeyjackpot.png",
      "back_image": "funkymonkeyjackpotin_game_image.jpg",
      "active": true
    },
    {
      "sequence": 52,
      "name": "Furious4",
      "link": "#",
      "front_image": "furious4.png",
      "back_image": "furious4in_game_image.jpg",
      "active": true
    },
    {
      "sequence": 53,
      "name": "Gaelic Luck",
      "link": "#",
      "front_image": "GaelicLuck.png",
      "back_image": "Gaelicluckin_game_image.jpg",
      "active": true
    },
    {
      "sequence": 54,
      "name": "Geisha Story",
      "link": "#",
      "front_image": "geishastory.png",
      "back_image": "geishastoryin_game_image.jpg",
      "active": true
    },
    {
      "sequence": 55,
      "name": "Gem Queen",
      "link": "#",
      "front_image": "gemqueen.png",
      "back_image": "gemqueenin_game_image.jpg",
      "active": true
    },
    {
      "sequence": 56,
      "name": "Gladiator Jackpot",
      "link": "#",
      "front_image": "gladiatorjackpot.png",
      "back_image": "gladiatorjackpotin_game_image.jpg",
      "active": true
    },
    {
      "sequence": 57,
      "name": "God Of Storms",
      "link": "#",
      "front_image": "godofstorms.png",
      "back_image": "godofstormsin_game_image.jpg",
      "active": true
    },
    {
      "sequence": 58,
      "name": "Golden Games",
      "link": "#",
      "front_image": "goldengames.png",
      "back_image": "goldengamesin_game_image.jpg",
      "active": true
    },
    {
      "sequence": 59,
      "name": "Golden Tour",
      "link": "#",
      "front_image": "goldentour.png",
      "back_image": "goldentourin_game_image.jpg",
      "active": true
    },
    {
      "sequence": 60,
      "name": "Great Blue",
      "link": "#",
      "front_image": "greatblue.png",
      "back_image": "greatbluein_game_image.jpg",
      "active": true
    },
    {
      "sequence": 61,
      "name": "Greates To Dyssey",
      "link": "#",
      "front_image": "greatestodyssey.png",
      "back_image": "greatestodysseyin_game_image.jpg",
      "active": true
    },
    {
      "sequence": 62,
      "name": "Halloween Fortune",
      "link": "#",
      "front_image": "halloweenfortune.png",
      "back_image": "halloweenfortunein_game_image.jpg",
      "active": true
    },
    {
      "sequence": 63,
      "name": "Halloween Fortune II",
      "link": "#",
      "front_image": "halloweenfortuneII.png",
      "back_image": "halloweenfortuneIIin_game_image.jpg",
      "active": true
    },
    {
      "sequence": 64,
      "name": "Haunted House",
      "link": "#",
      "front_image": "hauntedhouse.png",
      "back_image": "hauntedhousein_game_image.jpg",
      "active": true
    },
    {
      "sequence": 65,
      "name": "Heart Of The Frontier",
      "link": "#",
      "front_image": "heartofthefrontier.png",
      "back_image": "heartofthefrontierin_game_image.jpg",
      "active": true
    },
    {
      "sequence": 66,
      "name": "Heart Of The Jungle",
      "link": "#",
      "front_image": "heartofthejungle.png",
      "back_image": "heartofthejunglein_game_image.jpg",
      "active": true
    },
    {
      "sequence": 67,
      "name": "Heavenly Ruler",
      "link": "#",
      "front_image": "heavenlyruler.png",
      "back_image": "heavenlyrulerin_game_image.jpg",
      "active": true
    },
    {
      "sequence": 68,
      "name": "Highway Kings",
      "link": "#",
      "front_image": "highwaykings.png",
      "back_image": "highwaykingsin_game_image.jpg",
      "active": true
    },
    {
      "sequence": 69,
      "name": "Hot Gems",
      "link": "#",
      "front_image": "hotgems.png",
      "back_image": "hotgemsin_game_image.jpg",
      "active": true
    },
    {
      "sequence": 70,
      "name": "Hot Ktv",
      "link": "#",
      "front_image": "hotktv.png",
      "back_image": "hotktvin_game_image.jpg",
      "active": true
    },
    {
      "sequence": 71,
      "name": "Ice Cave",
      "link": "#",
      "front_image": "icecave.png",
      "back_image": "icecavein_game_image.jpg",
      "active": true
    },
    {
      "sequence": 72,
      "name": "Ice Run",
      "link": "#",
      "front_image": "icerun.png",
      "back_image": "icerunin_game_image.jpg",
      "active": true
    },
    {
      "sequence": 73,
      "name": "Inca Jackpot",
      "link": "#",
      "front_image": "incajackpot.png",
      "back_image": "incajackpotin_game_image.jpg",
      "active": true
    },
    {
      "sequence": 74,
      "name": "Jackpot Giant",
      "link": "#",
      "front_image": "jackpotgiant.png",
      "back_image": "jackpotgiantin_game_image.jpg",
      "active": true
    },
    {
      "sequence": 75,
      "name": "Jin Qian Wa",
      "link": "#",
      "front_image": "jinqianwa.png",
      "back_image": "jinqianwain_game_image.jpg",
      "active": true
    },
    {
      "sequence": 76,
      "name": "jixiangba",
      "link": "#",
      "front_image": "jixiangba.png",
      "back_image": "jixiangbain_game_image.jpg",
      "active": true
    },
    {
      "sequence": 77,
      "name": "Jungle Giants",
      "link": "#",
      "front_image": "Junglegiants.png",
      "back_image": "Junglegiantsin_game_image.jpg",
      "active": true
    },
    {
      "sequence": 78,
      "name": "Kong",
      "link": "#",
      "front_image": "kong.png",
      "back_image": "kongin_game_image.jpg",
      "active": true
    },
    {
      "sequence": 79,
      "name": "Land Of Gold",
      "link": "#",
      "front_image": "landofgold.png",
      "back_image": "landofgoldin_game_image.jpg",
      "active": true
    },
    {
      "sequence": 80,
      "name": "Legacy Of The Wild",
      "link": "#",
      "front_image": "legacyofthewild.png",
      "back_image": "legacyofthewildin_game_image.jpg",
      "active": true
    },
    {
      "sequence": 81,
      "name": "Lieyan Zuanshi",
      "link": "#",
      "front_image": "lieyanzuanshi.png",
      "back_image": "lieyanzuanshiin_game_image.jpg",
      "active": true
    },
    {
      "sequence": 82,
      "name": "Liu Fu Shou",
      "link": "#",
      "front_image": "liufushou.png",
      "back_image": "liufushouin_game_image.jpg",
      "active": true
    },
    {
      "sequence": 83,
      "name": "Long Long Long",
      "link": "#",
      "front_image": "longlonglong.png",
      "back_image": "longlonglongin_game_image.jpg",
      "active": true
    },
    {
      "sequence": 84,
      "name": "Lotto Madness",
      "link": "#",
      "front_image": "lottomadness.png",
      "back_image": "lottomadnessin_game_image.jpg",
      "active": true
    },
    {
      "sequence": 85,
      "name": "Magical Stacks",
      "link": "#",
      "front_image": "magicalstacks.png",
      "back_image": "magicalstacksin_game_image.jpg",
      "active": true
    },
    {
      "sequence": 86,
      "name": "Marilyn Monroe",
      "link": "#",
      "front_image": "marilynmonroe.png",
      "back_image": "marilynmonroein_game_image.jpg",
      "active": true
    },
    {
      "sequence": 87,
      "name": "Mr.Cash Back",
      "link": "#",
      "front_image": "mrcashback.png",
      "back_image": "mrcashbackin_game_image.jpg",
      "active": true
    },
    {
      "sequence": 88,
      "name": "Neptunes Kingdom",
      "link": "#",
      "front_image": "neptuneskingdom.png",
      "back_image": "neptuneskingdomin_game_image.jpg",
      "active": true
    },
    {
      "sequence": 89,
      "name": "Nian Nian You Yu",
      "link": "#",
      "front_image": "niannianyouyu.png",
      "back_image": "niannianyouyuin_game_image.jpg",
      "active": true
    },
    {
      "sequence": 90,
      "name": "Nightout",
      "link": "#",
      "front_image": "nightout.png",
      "back_image": "nightoutin_game_image.jpg",
      "active": true
    },
    {
      "sequence": 91,
      "name": "Panther Moon",
      "link": "#",
      "front_image": "panthermoon.png",
      "back_image": "panthermoonin_game_image.jpg",
      "active": true
    },
    {
      "sequence": 92,
      "name": "Penguin Vacation",
      "link": "#",
      "front_image": "penguinvacation.png",
      "back_image": "penguinvacationin_game_image.jpg",
      "active": true
    },
    {
      "sequence": 93,
      "name": "Pharaohs Secrets",
      "link": "#",
      "front_image": "pharaohssecrets.png",
      "back_image": "pharaohssecretsin_game_image.jpg",
      "active": true
    },
    {
      "sequence": 94,
      "name": "Pharaohs Treasure Deluxe",
      "link": "#",
      "front_image": "pharaohstreasuredeluxe.png",
      "back_image": "pharaohstreasuredeluxein_game_image.jpg",
      "active": true
    },
    {
      "sequence": 95,
      "name": "Piggies And The Wolf",
      "link": "#",
      "front_image": "piggiesandthewolf.png",
      "back_image": "piggiesandthewolfin_game_image.jpg",
      "active": true
    },
    {
      "sequence": 96,
      "name": "Pixel Samurai",
      "link": "#",
      "front_image": "Pixelsamurai.png",
      "back_image": "pixelsamuraiin_game_image.jpg",
      "active": true
    },
    {
      "sequence": 97,
      "name": "Plenty O Fortune",
      "link": "#",
      "front_image": "plentyofortune.png",
      "back_image": "plentyofortunein_game_image.jpg",
      "active": true
    },
    {
      "sequence": 98,
      "name": "Purple Hot",
      "link": "#",
      "front_image": "purplehot.png",
      "back_image": "purplehotin_game_image.jpg",
      "active": true
    },
    {
      "sequence": 99,
      "name": "Purple Hot Jackpot",
      "link": "#",
      "front_image": "purplehotjackpot.png",
      "back_image": "purplehotjackpotin_game_image.jpg",
      "active": true
    },
    {
      "sequence": 100,
      "name": "Queen Of Wands",
      "link": "#",
      "front_image": "queenofwands.png",
      "back_image": "queenofwandsin_game_image.jpg",
      "active": true
    },
    {
      "sequence": 101,
      "name": "Ri Ri Jin Cai",
      "link": "#",
      "front_image": "ririjincai.png",
      "back_image": "ririjincaiin_game_image.jpg",
      "active": true
    },
    {
      "sequence": 102,
      "name": "Ri Ri Sheng Cai",
      "link": "#",
      "front_image": "ririshengcai.png",
      "back_image": "ririshengcaiin_game_image.jpg",
      "active": true
    },
    {
      "sequence": 103,
      "name": "Rocky",
      "link": "#",
      "front_image": "rocky.png",
      "back_image": "rockyin_game_image.jpg",
      "active": true
    },
    {
      "sequence": 104,
      "name": "Rome & Glory",
      "link": "#",
      "front_image": "romeglory.png",
      "back_image": "romegloryin_game_image.jpg",
      "active": true
    },
    {
      "sequence": 105,
      "name": "Safari Heat",
      "link": "#",
      "front_image": "safariheat.png",
      "back_image": "safariheatin_game_image.jpg",
      "active": true
    },
    {
      "sequence": 106,
      "name": "Samba Brazil",
      "link": "#",
      "front_image": "sambabrazil.png",
      "back_image": "sambabrazilin_game_image.jpg",
      "active": true
    },
    {
      "sequence": 107,
      "name": "Santa Surprise",
      "link": "#",
      "front_image": "santasurprise.png",
      "back_image": "santasurprisein_game_image.jpg",
      "active": true
    },
    {
      "sequence": 108,
      "name": "Secrets Of The Amazon",
      "link": "#",
      "front_image": "secretsoftheamazon.png",
      "back_image": "secretsoftheamazonin_game_image.jpg",
      "active": true
    },
    {
      "sequence": 109,
      "name": "Sherlock Mystery",
      "link": "#",
      "front_image": "sherlockmystery.png",
      "back_image": "sherlockmysteryin_game_image.jpg",
      "active": true
    },
    {
      "sequence": 110,
      "name": "Silent Samurai",
      "link": "#",
      "front_image": "silentsamurai.png",
      "back_image": "silentsamuraiin_game_image.jpg",
      "active": true
    },
    {
      "sequence": 111,
      "name": "Silver Bullet Slots",
      "link": "#",
      "front_image": "silverbulletslots.png",
      "back_image": "silverbulletslotsin_game_image.jpg",
      "active": true
    },
    {
      "sequence": 112,
      "name": "Sinbads Golden Voyage",
      "link": "#",
      "front_image": "sinbadsgoldenvoyage.png",
      "back_image": "sinbadsgoldenvoyagein_game_image.jpg",
      "active": true
    },
    {
      "sequence": 113,
      "name": "Sixiang",
      "link": "#",
      "front_image": "sixiang.png",
      "back_image": "sixiangin_game_image.jpg",
      "active": true
    },
    {
      "sequence": 114,
      "name": "Spudo Reilly Scrop's Of Gold",
      "link": "#",
      "front_image": "spudoreillyscropsofgold.png",
      "back_image": "spudoreillyscropsofgoldin_game_image.jpg",
      "active": true
    },
    {
      "sequence": 115,
      "name": "Streak Of Luck",
      "link": "#",
      "front_image": "streakofluck.png",
      "back_image": "streakofluckin_game_image.jpg",
      "active": true
    },
    {
      "sequence": 116,
      "name": "Sweet Party",
      "link": "#",
      "front_image": "sweetparty.png",
      "back_image": "sweetpartyin_game_image.jpg",
      "active": true
    },
    {
      "sequence": 117,
      "name": "Thai Paradise",
      "link": "#",
      "front_image": "thaiparadise.png",
      "back_image": "thaiparadisein_game_image.jpg",
      "active": true
    },
    {
      "sequence": 118,
      "name": "Thai Temple",
      "link": "#",
      "front_image": "thaitemple.png",
      "back_image": "thaitemplein_game_image.jpg",
      "active": true
    },
    {
      "sequence": 119,
      "name": "The Glass Slipper",
      "link": "#",
      "front_image": "theglassslipper.png",
      "back_image": "theglassslipperin_game_image.jpg",
      "active": true
    },
    {
      "sequence": 120,
      "name": "The Great Ming Empire",
      "link": "#",
      "front_image": "thegreatmingempire.png",
      "back_image": "thegreatmingempirein_game_image.jpg",
      "active": true
    },
    {
      "sequence": 121,
      "name": "The Love Boat",
      "link": "#",
      "front_image": "theloveboat.png",
      "back_image": "theloveboatin_game_image.jpg",
      "active": true
    },
    {
      "sequence": 122,
      "name": "The Three Musketeers And The Queen's Diamond",
      "link": "#",
      "front_image": "thethreemusketeersandthequeensdiamond.png",
      "back_image": "thethreemusketeersandthequeensdiamondin_game_image.jpg",
      "active": true
    },
    {
      "sequence": 123,
      "name": "Top Gun",
      "link": "#",
      "front_image": "topgun.png",
      "back_image": "topgunin_game_image.jpg",
      "active": true
    },
    {
      "sequence": 124,
      "name": "Triple Monkey",
      "link": "#",
      "front_image": "triplemonkey.png",
      "back_image": "triplemonkeyin_game_image.jpg",
      "active": true
    },
    {
      "sequence": 125,
      "name": "Vacation Station",
      "link": "#",
      "front_image": "vacationstation.png",
      "back_image": "vacationstationin_game_image.jpg",
      "active": true
    },
    {
      "sequence": 126,
      "name": "Vacation Station_1",
      "link": "#",
      "front_image": "vacationstation_1.png",
      "back_image": "vacationstationin_game_image_1.jpg",
      "active": true
    },
    {
      "sequence": 127,
      "name": "Vikingmania",
      "link": "#",
      "front_image": "vikingmania.png",
      "back_image": "vikingmaniain_game_image.jpg",
      "active": true
    },
    {
      "sequence": 128,
      "name": "White King",
      "link": "#",
      "front_image": "whiteking.png",
      "back_image": "whitekingin_game_image.jpg",
      "active": true
    },
    {
      "sequence": 129,
      "name": "Wild Gambler",
      "link": "#",
      "front_image": "wildgambler.png",
      "back_image": "wildgamblerin_game_image.jpg",
      "active": true
    },
    {
      "sequence": 130,
      "name": "Wild Spirit",
      "link": "#",
      "front_image": "wildspirit.png",
      "back_image": "wildspiritin_game_image.jpg",
      "active": true
    },
    {
      "sequence": 131,
      "name": "Wings Of Gold",
      "link": "#",
      "front_image": "wingsofgold.png",
      "back_image": "wingsofgoldin_game_image.jpg",
      "active": true
    },
    {
      "sequence": 132,
      "name": "Wu Long",
      "link": "#",
      "front_image": "wulong.png",
      "back_image": "wulongin_game_image.jpg",
      "active": true
    },
    {
      "sequence": 133,
      "name": "Wu Lu Cai Shen",
      "link": "#",
      "front_image": "wulucaishen.png",
      "back_image": "wulucaishenin_game_image.jpg",
      "active": true
    },
    {
      "sequence": 134,
      "name": "Xuan Bu Lina Huan",
      "link": "#",
      "front_image": "xuanbulinahuan.png",
      "back_image": "xuanbulianhuanin_game_image.jpg",
      "active": true
    },
    {
      "sequence": 135,
      "name": "Yun Cong Long",
      "link": "#",
      "front_image": "yunconglong.png",
      "back_image": "yunconglongin_game_image.jpg",
      "active": true
    },
    {
      "sequence": 136,
      "name": "Xhao Cai Jin Bao",
      "link": "#",
      "front_image": "zhaocaijinbao.png",
      "back_image": "zhaocaijinbaoin_game_image.jpg",
      "active": true
    },
    {
      "sequence": 137,
      "name": "Zhao Cai Jin Bao Jackpot",
      "link": "#",
      "front_image": "zhaocaijinbaojackpot.png",
      "back_image": "zhaocaijinbaojackpotin_game_image.jpg",
      "active": true
    },
    {
      "sequence": 138,
      "name": "Zhao Cai Tong Zi",
      "link": "#",
      "front_image": "zhaocaitongzi.png",
      "back_image": "zhaocaitongziin_game_image.jpg",
      "active": true
    },
    {
      "sequence": 139,
      "name": "Great Blue Jackpot",
      "link": "#",
      "front_image": "greatbluejackpot.png",
      "back_image": "greatbluejackpotin_game_image.jpg",
      "active": true
    }
  ]
}