﻿{
  "forgot_pasword": "忘记密码 ？",
  "register": "注册",
  "login": "登录",
  "logout": "登出",
  "username_placeholder": "登录用户名",
  "password_placeholder": "登录密码",
  "username": "用户名 ",
  "current_balance": "当前余额",
  "my_account": "我的户口",
  "reset_password": "重设密码",
  "register_account": "注册会员",
  "remember": "记住我",
  "alert": "警告！！！！",

  "deposit": "存款",
  "withdrawal": "提款",
  "transfer": "转账",

  "notLoggedIn": "你还未登录，如果您还没有帐户，请注册。",
  "noLogin": "用户未登录",

  "announcement": "公告",

  "menu_home": "首页",
  "menu_sport_book": "体育",
  "menu_live_casino": "真人视频",
  "menu_slot_game": "老虎机",
  "menu_lottery": "彩票",
  "menu_promotion": "优惠",
  "menu_bank": "银行",
  "menu_download": "下载",
  "menu_language": "语言",

  "about_us": "关于我们",
  "bank": "银行",
  "terms_and_condition": "条件",
  "faqs": "常见问题",
  "how_to_join": "如何注册用户",
  "contact_us": "联系我们",

  "supported_games": "可玩游戏",
  "accepted_banks": "所接受的银行",
  "all_reserved": "2020 Webet333. 版权所有",

  "how_to_win": "如何取胜 ？",
  "game_process": "游戏过程",
  "register_home": "注册",
  "for_an_account": "对于帐户持有人",
  "deposit_home": "存款",
  "your_fund": "客户现金",
  "play_home": "开启游戏",
  "game": "游戏",
  "withdraw_home": "提款",
  "your_winnings": "你的得奖",
  "play_now": "开始游戏",
  "download": "下载",

  "basic_information": "基本信息",
  "account_information": "户口信息",
  "contact_details": "手机号码",
  "name_instruction": "注册人名称必须与您的银行帐户名称匹配才能用于银行用途。注册后，您将无法更改名称",
  "terms_condition_accept": "我接受本网站上发布的条款和条件，隐私政策和年龄验证政策",
  "nric_placeholder": "根据身份证姓名",
  "confirm_password_placeholder": "确认密码",
  "email_placeholder": "电邮地址",
  "contact_instruction": "请输入可接受TAC的电话号码以便激活账号使用",
  "submit_button": "提交",

  "bank_information": "银行资料",
  "last_update_on": "最后更新：",
  "important_notes": "重要告示",

  "about_us_page": "关于我们",
  "terms_and_condition_page": "附带条约",

  "how_to_join_page": "如何加入",

  "register_bank_account": "注册银行户口",
  "bank_details": "银行详情",
  "account_holder_placeholder": "户口持有人",
  "account_number_placeholder": "户口号码",
  "register_bank_details": "银行注册详情",

  "otp_verification": "验证OTP",

  "profile_title": "基本信息",
  "profile_change_password": "更改密码",
  "profile_current_password": "当前密码：",
  "profile_current_password_placeholder": "当前密码",
  "profile_new_password": "新密码：",
  "profile_new_password_placeholder": "新密码",
  "profile_confirm_password": "确认密码：",
  "profile_confirm_password_placeholder": "确认密码",
  "profile_confirm_change_password": "确认更改密码",

  "profile_update_personal_details": "更新个人资料",
  "profile_username": "用户  ：",
  "profile_email": "电邮：",
  "profile_full_name": "全名 ：",
  "profile_mobile": "手机号：",
  "profile_update_personal_details_button": "更新个人资料",

  "profile_update_bank_details": "更新银行资料",
  "profile_your_bank": "您的银行：",
  "profile_account_holder": "户口持有人：",
  "profile_account_number": "户口号码 ：",
  "profile_select_new_bank": "选择新银行：",
  "profile_select_new_bank_ddl": "选择银行",
  "profile_new_account_number": "新帐号：",
  "profile_new_account_number_placeholder": "输入户口号码",
  "profile_update_bank_details_button": "更新银行资料",

  "deposit_title": "提款",
  "deposit_step": "指示",
  "deposit_please_bank": "请选择银行。",
  "deposit_please_fill_in_the_deposit_details": "请填写转账资料。",
  "deposit_company_bank_name": "公司银行用户名：",
  "deposit_to": "银行公司名称：",
  "deposit_amount": "数额：",
  "deposit_placeholder_amount": "订金给予",
  "deposit_deposit_method": "输入数额：",
  "deposit_date_time": "日期/时间 ：",
  "deposit_placeholder_date_time": "选择日期",
  "deposit_reference_number": "参考编号 ：",
  "deposit_placeholde_reference_number": "输入您的参考编号",
  "deposit_scanned_receipt": "扫描收据：",
  "deposit_upload_receipt": "上传收据",
  "deposit_choose_your_promotion": "选择您的促销活动（可选）",
  "deposit_submit": "提交",
  "ddl_placeholder": "-  选择  -",

  "withdrawal_title": "提款",
  "withdrawal_step": "指示",
  "withdrawal_please_verify_your_bank_details": "请验证您的银行详细信息，或需要更新相关信息时与我们的客户服务联系",
  "withdrawal_bankname": "银行名字",
  "withdrawal_account_holder": "户口持有人",
  "withdrawal_account_number": "户口号码",
  "withdrawal_please_fill_following_form": "请填写以下表格要求提款。",
  "withdrawal_from": "从：",
  "withdrawal_balance": "户口余额：",
  "withdrawal_amount": "数额：",
  "withdrawal_placeholder_amount": "订金给予",
  "withdrawal_submit": "提交",

  "transfer_title": "转账",
  "transfer_transfer_details": "转账资料",
  "transfer_please_fill_in_the_following_form": "请填写以下表格要求转账",
  "transfer_from": "从：",
  "transfer_to": "向 ：",
  "transfer_amount": "数额：",
  "transfer_max": "最大转账",
  "transfer_button": "转账",

  "history": "下注记录",
  "restore": "还原",
  "statement": "完成记录",

  "forgtopasswordststic": "请输入您的电话号码。",
  "forgtopassword_placeholder": "电话号码",
  "forgtopassworbutton": "提交",

  "sidebar_login": "登录",
  "sidebar_home": "首页",
  "sidebar_Desktop": "桌面",
  "sidebar_Language": "语言",
  "sidebar_About_US": "关于我们",
  "sidebar_T_&_C": "条款与条件",
  "sidebar_Profile": "基本信息",
  "sidebar_Logout": "登出",
  "sidebar_Download": "下载",
  "My_wallet": "我的钱包",
  "Promotion": "优惠",
  "Live_chat": "在线聊天",
  "NotSignIn": "您尚未登录。加入或注册。现在",

  "Description": "在线赌场游戏是非常有趣的，很简单，在24/7供应一年有365天，每天使用。登录到您的帐户，并在玩各种不同主题在线的老虎机时，享受最新的在线游戏技术，其中包括令人兴奋的功能，如散点图，百搭和乘数，可帮助您最大化游戏体验。您所知道和喜欢的经典赌场游戏也可以在线获得。包括具有传统规则的在线轮盘赌和在线二十一点以及二十一点开关等特殊功能，可让您在交换卡以及渐进式轮盘和二十一点，其中额外的下注额使您能够参与在线赌场中一些最有利可图的支出游戏业。请尽情得玩并且以负责任地心玩。www.webet333.com",
  "password": "密码",
  "load_more": "更多",
  "your_access_information": "您的访问信息",
  "click_to_download": "点击下载",
  "rebate": "回扣",
  "loseRebate": "亏损返现",
  "turnoverCommissionRebate": "流水佣金返现",
  "mobile_my_account": "帐户",

  "mobile_menu_deposit": "存款",
  "mobile_menu_Withdraw": "提款",
  "mobile_menu_Transfer": "转账",
  "mobile_menu_Restore": "恢复",
  "mobile_menu_History": "下注记录",
  "mobile_login": "登录",

  "balance": "平衡",
  "username_instruction": "用户名必须包含7个字符",
  "password_instruction": "密码长度必须为6个字符",
  "password_alpha_instruction": "密码必须是字母数字",
  "password_username_same": "密码和用户名必须不同。",
  "join": "加入",

  "agslot_game": "AG老虎机",
  "pussy888slot_game": "Pussy888老虎机",
  "jokerslot_game": "Joker 老虎机",
  "pragmaticslot_game": "Prag. 老虎机",
  "kiss918slot_game": "918 Kiss老虎机",
  "mega888slot_game": "Mega888老虎机",
  "xe88slot_game": "Xe88老虎机",
  "aglive_game": "AG视讯",
  "playtechslot_game": "Playtech老虎机",
  "playtechlive_game": "Playtech视讯",
  "allbetlive_game": "Allbet视讯",
  "maxbet_game": "Maxbet体育",
  "m8_game": "M8体育",
  "dg_game": "DG视讯",
  "sa_game": "SA视讯",
  "sexybaccarat_game": "Sexy B. 视讯",
  "allBet_game": "AllBet 视讯",
  "wm_game": "WM 视讯",
  "yeebet_game": "YeeBet 赌场",
  "SBO_Game": "SBO体育",
  "coming_soon": "即将上市",
  "click_play": "点击游玩",

  "mobile_no_required_error": "手机号码为必填项",
  "sms_error": "SMS 无法发送!!请联系客服",
  "mobile_length_error": "请输入电话号码至少10数字",
  "pass_length_error": "密码长度至少6位数字。",
  "username_required_error": "用户名为必填项",
  "username_length_error": "用户名太短",
  "password_required_error": "密码为必填项",
  "confirm_password_required_error": "确认密码为必填项",
  "name_required_error": "名称为必填项",
  "username_pass_diff_error": "密码和用户名一定不相同",
  "pass_alpha_error": "密码必须是母数字",
  "pass_not_match_error": "密码不正确！",
  "please_loign_error": "请登录！",
  "select_bank_name_error": "请选择银行名称",
  "enter_acc_name_error": "请输入帐户持有人名称",
  "enter_acc_no_error": "请输入帐户",
  "receipt_required_error": "请选择银行",
  "plz_selet_bnk_error": "请选择日期时间",
  "select_date_time_error": "请选择日期时间",
  "refer_no_error": "请输入参考编号",
  "promo_apply_balance_error": "您的余额低于存款余额的5 MYR，您可以申请新的促销活动，并且现有的促销活动将过期",
  "amount_greater_zero_error": "进输入金额多过0",
  "promot_active_error": "你无法申请此优惠因为已有有效优惠",
  "min_max_amount_error": "最低金额为10和最高金额为30000",
  "min_max_amount_error_parameter": "最低金额为10和最高金额为",
  "min1_max1000_amount_error": "最低金额为1",
  "bnk_name_required_error": "银行名称为必填项",

  "amt_req_error": "必须填写金额。",
  "acc_no_req_error": "帐号为必填项。",

  "promo_ongoing_withdraw_error": "你的优惠正在进行中，无法提现至到优惠完成",
  "trans_not_completd_error": "你的交易未完成",
  "maintainenance_error": "游戏正在维护",
  "less_amount_error": "请输入最底金额",
  "select_from_wallet_error": "请选择从那个钱包",
  "select_to_wallet_error": "请选择钱包。",
  "user_not_login_error": "用户未登入",
  "team_conditon_agree": "请表明您已阅读并同意条款和条件以及隐私政策",
  "recaptcha": "请检查验证码",
  "restore_history": "恢复历史记录",

  "important_notice": "重要告示",
  "instruction_1": "在进行存款之前，请务必检查公司最新活跃银行详细。",
  "instruction_2": "对于使用“银行转账”存款选项，请在确保转账后才提交交易单，以免批准程序被拖延。",
  "instruction_3": "存款人的帐户名必须与注册的全名匹配。公司不鼓励使用第三方/公司帐户进行交易。",
  "instruction_4": "请不要在您的线上转账交易中填写“ WEBET333”＃或任何与赌博相关的敏感字眼作为参考。",
  "instruction_5": "任何提款都必须符合存款金额的1倍的周转。",
  "instruction_6A": "请联系我们",
  "instruction_6B": "如您的交易在5分钟以上未完成",
  "instruction_7A": "如有其它查询，请联系我们",
  "instruction_7B": "谢谢",
  "livechat": "24/7在线客服",

  "bank_bankDetails": "银行资料",
  "bank_accountname": "户口名字",
  "bank_accountnumber": "户口号码",
  "bank_bankingoptions": "\"交易选项",
  "bank_transactionlimit": "交易限额",
  "bank_Minimum": "最低",
  "bank_Maximum": "最高",
  "bank_processingtime": "处理时间",
  "bank_cashdeposit": "现金存款",
  "bank_internetbanking": "线上银行",
  "bank_localbanktransfer": "本地银行",
  "bank_quickwithdraw": "快速提款",
  "bank_message": "Webet333提供不同的提款和存款方式可于您选项，以便你能快速和效率的进行交易。请在银行交易选项，选出最适合您的方法来进行交易。",
  "currentbalance": "当前余额",
  "game_in_maintenance_new_promotion": "您在维护游戏中有余额，不能申请新的促销。请稍后再试。",
  "pending_sports_deposit_error": "体育投注仍有未结算，请稍等至所有投注已结算",
  "show_waring_deposit": "请注意，如果您的帐户中有余额并且您申请了新的促销活动，则在新的促销活动流水倍额/总赢数额完成之前，您将无法提取余额",
  "show_waring_deposit_withoutpromotion": "请记住，如果您现在进行存款，则必须先完成倍流水/总赢数额，然后才能提款",
  "Insufficient_balance_wallet": "钱包余额不足。",
  "file_format_error": "不支援档案格式仅PDF和图像允许",
  "send_otp": "重新发送OTP",
  "verified_otp": "验证OTP",
  "error_otp_required": "请插入OTP ！！",
  "otp_text": "输入发送到您手机号码的OTP",
  "otp_send_success": "OTP已发送至注册手机号码，请输入有效的OTP以激活该帐户。",
  "error_otp": "请插入6位OTP！",
  "signup": "注册",

  "gamecategory_casino": "视讯",
  "gamecategory_slots": "老虎机",
  "gamecategory_fishing": "捕鱼",
  "gamecategory_sports": "体育",

  "forget_page_text": "忘记密码? 请输入您的注册手机号码来得到你新密码",
  "msg_promotion_not_select": "你还没选择任何优惠，你确定要继续吗 ？",
  "msg_restore": "你决定要恢复吗？",
  "no_record_found": "没有找到记录",
  "auto_transfer": "自动转移",
  "total_daily_turnover": "每日总流水",

  "no_record_found_deposit": "没有找到记录",
  "no_record_found_withdraw": "没有找到记录",
  "no_record_found_transfer": "没有找到记录",
  "no_record_found_promotion": "没有找到记录",
  "no_record_found_rebate": "没有找到记录",
  "no_record_found_statement": "没有找到记录",

  "special_not_allowed": "密码中不允许使用特殊字符！"
}