﻿{
  "forgot_pasword": "Lupa kata laluan ?",
  "register": "DAFTAR",
  "login": "LOG MASUK",
  "logout": "LOG KELUAR",
  "username_placeholder": "Nama Pengguna",
  "password_placeholder": "kata laluan",
  "username": "Nama ",
  "current_balance": "Baki terkini",
  "my_account": "AKAUN SAYA",
  "reset_password": "Menetapkan semula kata laluan",
  "register_account": "Daftar Akaun",
  "remember": "Ingat saya",
  "alert": "Amaran!!!",

  "deposit": "DEPOSIT",
  "withdrawal": "PENGELUARAN",
  "transfer": "PEMINDAHAN",

  "notLoggedIn": "Anda belum log masuk. Jika anda tidak mempunyai akaun. Sila Daftar.",
  "noLogin": "Pengguna tidak Log In.",

  "announcement": "Pengumuman",

  "menu_home": "L.Utama",
  "menu_sport_book": "Bola Sepak",
  "menu_live_casino": "Kasino",
  "menu_slot_game": "Slot",
  "menu_lottery": "Loteri",
  "menu_promotion": "Promosi",
  "menu_bank": "Bank",
  "menu_download": "Muat turun",
  "menu_language": "Bahasa",

  "about_us": "Tentang kami",
  "bank": "Bank",
  "terms_and_condition": "Terma dan syarat",
  "faqs": "Faqs",
  "how_to_join": "cara menyertai",
  "contact_us": "Hubungi Kami",

  "supported_games": "Permainan yang disokong",
  "accepted_banks": "Bank yang diterima",
  "all_reserved": "2020 WEBET333. Hak cipta terpelihara.",

  "how_to_win": "BAGAIMANA MENANG ?",
  "game_process": "Proses Permainan",
  "register_home": "DAFTAR",
  "for_an_account": "UNTUK AKAUN",
  "deposit_home": "DEPOSIT",
  "your_fund": "KUMPULAN ANDA",
  "play_home": "MAIN",
  "game": "GAMES",
  "withdraw_home": "PENGELUARAN WANG",
  "your_winnings": "PEMENANGAN ANDA",
  "play_now": "Main sekarang",
  "download": "Muat turun",

  "basic_information": "Maklumat asas",
  "account_information": "Maklumat Akaun",
  "contact_details": "Butiran kenalan",
  "name_instruction": "Nama berdaftar mesti sepadan dengan nama akaun bank anda untuk tujuan perbankan. Anda tidak dapat mengubah nama anda selepas mendaftar.",
  "terms_condition_accept": "Saya menerima Terma & Syarat, Dasar Privasi dan Dasar Pengesahan Umur seperti yang diterbitkan di laman web ini.",
  "nric_placeholder": "Nama Penuh",
  "confirm_password_placeholder": "Sahkan Kata Laluan",
  "email_placeholder": "Alamat emel",
  "contact_instruction": "Sila masukan telepon nombor yang sah terima TAC untuk aktif akaun anda",
  "submit_button": "Sertai",

  "bank_information": "MAKLUMAT PERBANKAN",
  "last_update_on": "Kemas Kini Terakhir :",
  "important_notes": "NOTA PENTING",

  "about_us_page": "TENTANG KAMI",

  "terms_and_condition_page": "TERMA DAN SYARAT",

  "how_to_join_page": "CARA MENYERTAI",

  "register_bank_account": "daftar akaun bank",
  "bank_details": "maklumat bank",
  "account_holder_placeholder": "Nama pemegang akaun",
  "account_number_placeholder": "akaun nombor",
  "register_bank_details": "Hantar",

  "otp_verification": "Pengesahan OTP",

  "profile_title": "PROFIL",
  "profile_change_password": "TUKAR KATA LALUAN",
  "profile_current_password": "Kata Laluan Semasa:",
  "profile_current_password_placeholder": "Kata Laluan Semasa",
  "profile_new_password": "Kata Laluan Baru:",
  "profile_new_password_placeholder": "Kata Laluan Baru",
  "profile_confirm_password": "Pengesahan Kata Laluan:",
  "profile_confirm_password_placeholder": "Pengesahan Kata Laluan",
  "profile_confirm_change_password": "TUKAR KATA LALUAN",

  "profile_update_personal_details": "BUTIRAN PERIBADI",
  "profile_username": "Nama Pengguna :",
  "profile_email": "Emel :",
  "profile_full_name": "Nama Penuh :",
  "profile_mobile": "Nombor Telefon Bimbit :",
  "profile_update_personal_details_button": "KEMASKINI BUTIRAN PERIBADI",

  "profile_update_bank_details": "BUTIRAN PERBANKAN",
  "profile_your_bank": "Nama Bank :",
  "profile_account_holder": "Nama Pemegang Akaun :",
  "profile_account_number": "Nombor Akaun :",
  "profile_select_new_bank": "Nama Bank Baru :",
  "profile_select_new_bank_ddl": "pilih bank",
  "profile_new_account_number": "Nombor Akaun Baru :",
  "profile_new_account_number_placeholder": "Nombor Akaun Baru",
  "profile_update_bank_details_button": "KEMASKINI BUTIRAN PERBANKAN",

  "deposit_title": "DEPOSIT",
  "deposit_step": "LANGKAH",
  "deposit_please_bank": "Sila isikan borang deposit berikut.",
  "deposit_please_fill_in_the_deposit_details": "Sila isikan butiran deposit.",
  "deposit_company_bank_name": "Bank :",
  "deposit_to": "Deposit Ke :",
  "deposit_amount": "Jumlah :",
  "deposit_placeholder_amount": "Masukkan Jumlah Anda",
  "deposit_deposit_method": "Cara Deposit :",
  "deposit_date_time": "Tarikh Masa :",
  "deposit_placeholder_date_time": "Pilih Tarikh.",
  "deposit_reference_number": "No.Rujukan :",
  "deposit_upload_receipt": "Muat naik Resit",
  "deposit_placeholde_reference_number": "Masukkan nombor rujukan anda",
  "deposit_scanned_receipt": "Imbasan Resit :",
  "deposit_choose_your_promotion": "Pilih promosi anda (Tidak Wajib)",
  "deposit_submit": "HANTAR",
  "ddl_placeholder": "- Pilih -",

  "withdrawal_title": "PENGELUARAN",
  "withdrawal_step": "LANGKAH",
  "withdrawal_please_verify_your_bank_details": "Sila mengesahkan maklumat perbankan anda, atau hubungi pegawai khidmat pelanggan sekiranya anda perlu mengemaskinikan maklumat berkenaan",
  "withdrawal_bankname": "Nama Bank",
  "withdrawal_account_holder": "Nama Pemegang Akaun ",
  "withdrawal_account_number": "Nombor Akaun",
  "withdrawal_please_fill_following_form": "Sila isikan borang di bawah untuk permohonan pengeluaran",
  "withdrawal_from": "Dari :",
  "withdrawal_balance": "Baki :",
  "withdrawal_amount": "Jumlah :",
  "withdrawal_placeholder_amount": "Masukkan Jumlah Anda",
  "withdrawal_submit": "HANTAR",

  "transfer_title": "PEMINDAHAN",
  "transfer_transfer_details": "MAKLUMAT PEMINDAHAN",
  "transfer_please_fill_in_the_following_form": "Sila isi borang di bawah untuk pemindahan",
  "transfer_from": "Dari :",
  "transfer_to": "Ke :",
  "transfer_amount": "Jumlah :",
  "transfer_max": "Pemindahan Max",
  "transfer_button": "HANTAR",

  "history": "REKOD",
  "restore": "Mengembalikan",
  "statement": "PENYATA",

  "forgtopasswordststic": "Sila masukkan Nombor Telefon anda.",
  "forgtopassword_placeholder": "Nombor telefon",
  "forgtopassworbutton": "SUBMIT",

  "sidebar_login": "Log masuk",
  "sidebar_home": "Rumah",
  "sidebar_Desktop": "Desktop",
  "sidebar_Language": "Bahasa",
  "sidebar_About_US": "Tentang kita",
  "sidebar_T_&_C": "T & C",
  "sidebar_Profile": "Profil",
  "sidebar_Logout": "Log keluar",
  "sidebar_Download": "Muat turun",
  "My_wallet": "Wallet saya",
  "Promotion": "promosi",
  "Live_chat": "Live Chat",
  "NotSignIn": " Anda belum log masuk. Sila Daftar atau log masuk.",

  "Description": "Bermain Casino Games online adalah menyeronokkan, mudah, dan tersedia 24/7, 365 hari setahun. Log masuk ke akaun anda dan nikmati teknologi permainan dalam talian terkini semasa anda memainkan pelbagai slot dalam talian bertema yang berbeza, termasuk ciri menarik seperti penyerakkan, liar, dan pengganda untuk membantu anda memaksimumkan pengalaman permainan anda. Permainan kasino klasik yang anda kenali dan suka juga boleh didapati secara dalam talian. Termasuk roulette dalam talian dan blackjack dalam talian dengan peraturan tradisional serta ciri khas seperti Blackjack Switch yang membolehkan anda menukar kad anda dan Roulette progresif dan Blackjack di mana pertaruhan sampingan tambahan membolehkan anda bermain untuk beberapa pembayaran yang paling lumayan di kasino dalam talian industri permainan.Bersenang-senang dan sila bermain dengan bertanggungjawab. www.webet333.com",
  "password": "Kata laluan",
  "load_more": "Lebih Banyak",
  "your_access_information": "Maklumat akses anda",
  "click_to_download": "Klik untuk muat turun",
  "rebate": "Rebat",
  "loseRebate": "rebat kerugian",
  "turnoverCommissionRebate": "rebat turnover komisen",
  "mobile_my_account": "Akaun",

  "mobile_menu_deposit": "Deposit",
  "mobile_menu_Withdraw": "Keluar",
  "mobile_menu_Transfer": "Pindah",
  "mobile_menu_Restore": "Pulih",
  "mobile_menu_History": "Rekod",
  "mobile_login": "Log Masuk",

  "balance": "Seimbang",
  "username_instruction": "Nama pengguna mesti melebihi 6 perkataan",
  "password_instruction": "Kata Laluan mesti melebihi 6 perkataan",
  "password_alpha_instruction": "Kata laluan mestilah abjad angka",
  "password_username_same": "Kata laluan dan nama pengguna mestilah berbeza.",
  "join": "JOIN",

  "agslot_game": "AG Slots",
  "pussy888slot_game": "Pussy888 Slots",
  "jokerslot_game": "Joker Slots",
  "pragmaticslot_game": "Prag. Slots",
  "kiss918slot_game": "918 Kiss Slots",
  "mega888slot_game": "Mega888 Slots",
  "xeslot_game": "Xe88 Slots",
  "aglive_game": "AG Kasino",
  "playtechslot_game": "Playtech Slot",
  "playtechlive_game": "Playtech Kasino",
  "allbetlive_game": "Allbet Kasino",
  "maxbet_game": "Maxbet Sukan",
  "m8_game": "M8 Sukan",
  "dg_game": "DG Kasino",
  "sa_game": "SA Kasino",
  "sexybaccarat_game": "Sexy B. Kasino",
  "allBet_game": "AllBet Kasino",
  "wm_game": "WM Kasino",
  "yeebet_game": "YeeBet Kasino",
  "SBO_Game": "SBO Sukan",
  "coming_soon": "Akan Datang",
  "click_play": "Kilk untuk Main",

  "mobile_no_required_error": "Nombor Telefon diperlukan",
  "sms_error": "SMS tidak hantar !! Sila hubungi Live Chat",
  "mobile_length_error": "Sila masukkan nombor telefon dengan 10 digit minimum",
  "pass_length_error": "Panjang kata laluan Minimum 6 digit.",
  "username_required_error": "Nama pengguna diperlukan",
  "username_length_error": "Name pengguna terlalu pendek",
  "password_required_error": "Kata laluan diperlukan",
  "confirm_password_required_error": "Sahkan kata luluan diperlukan",
  "name_required_error": "Nama penuh diperlukan",
  "username_pass_diff_error": "Kata laluan dan nama pengunna mesti berbeza",
  "pass_alpha_error": "Kata laluan perlu abjad angka",
  "pass_not_match_error": "Kata laluan tidak sepadan!",
  "please_loign_error": "Sila daftar masuk !",
  "select_bank_name_error": "Pilih Nama Bank",
  "enter_acc_name_error": "Masukkan Nama Pemegang Akaun.",
  "enter_acc_no_error": "Masukkan Akaun Nombor.",
  "receipt_required_error": "Resit diperlukan.",
  "plz_selet_bnk_error": "Sila Pilih Bank.",
  "select_date_time_error": "Sila Pilih Tarikh Masa",
  "refer_no_error": "Sila Masukkan nombor rujukan",
  "promo_apply_balance_error": "Baki anda adalah lebih rendah daripada 5 MYR baki deposit anda, anda boleh menggunakan promosi baru, dan promosi promosi anda sudah tamat tempoh.",
  "amount_greater_zero_error": "Sila Masukkan Jumlah lebih daripada 0",
  "promot_active_error": "Anda tidak boleh memakai promosi, kerana mempunyai promosi aktif",
  "min_max_amount_error": "Jumlah Amaun Minimum adalah 10 dan Maximum 30000.",
  "min_max_amount_error_parameter": "Jumlah Amaun Minimum adalah 10 dan Maximum ",
  "min1_max1000_amount_error": "Jumlah Amaun Minimum adalah 1",
  "bnk_name_required_error": "Nama Bank Diperlukan",

  "amt_req_error": "Amaun yang difailkan diperlukan.",
  "acc_no_req_error": "Nombor akaun yang difailkan diperlukan.",

  "promo_ongoing_withdraw_error": "Promosi anda sedang aktif, tidak dapat membuat withdrawal sehingga promosi selesai",
  "trans_not_completd_error": "Transaksi anda belum diselesaikan.",
  "maintainenance_error": "Permainan sedang jalan maintenance",
  "less_amount_error": "Sila masukkan jumlah yang lebih kurang",
  "select_from_wallet_error": "Sila pilih dari dompet.",
  "select_to_wallet_error": "Sila pilih ke dompet.",
  "user_not_login_error": "Pengguna tidak log in.",
  "team_conditon_agree": "Sila nyatakan bahawa anda telah membaca dan bersetuju dengan Terma dan Syarat dan Dasar Privasi",
  "recaptcha": "Sila semak recaptcha",
  "restore_history": "Pulihkan",

  "important_notice": "NOTIS PENTING",
  "instruction_1": "Sentiasa periksa butiran bank deposit aktif terkini sebelum membuat deposit.",
  "instruction_2": "Untuk menggunakan pilihan deposit \"Transfer Bank\", Lakukan transfer sebelum menyerahkan transaksi untuk mengelakkan transaksi tertunda.",
  "instruction_3": "NAMA AKAUN Pendeposit mesti dipadankan dengan nama penuh yang didaftarkan. Kami tidak menggalakkan transaksi dibuat menggunakan akaun pihak ketiga / syarikat.",
  "instruction_4": "JANGAN mengisi \"WEBET333\" # atau sebarang komen sensitif yang berkaitan dengan perjudian sebagai rujukan / komen dalam transaksi pemindahan dalam talian anda.",
  "instruction_5": "Harap perhatikan bahawa turnover 1x diperlukan untuk semua deposit yang dibuat sebelum pengeluaran dapat diproses.",
  "instruction_6A": "Hubungi",
  "instruction_6B": "kami sekiranya transaksi anda belum selesai lebih dari 5 minit.",
  "instruction_7A": "Untuk pertanyaan lebih lanjut, sila hubungi ",
  "instruction_7B": "kami. Terima kasih.",
  "livechat": ". 24/7 LIVECHAT",

  "bank_bankDetails": "Perincian Bank",
  "bank_accountname": "Nama Akaun",
  "bank_accountnumber": "Nombor Akaun",
  "bank_bankingoptions": "Pilihan Perbankan",
  "bank_transactionlimit": "Had Transaksi",
  "bank_Minimum": "Minimum",
  "bank_Maximum": "Maksimum",
  "bank_processingtime": "Masa Pemprosesan",
  "bank_cashdeposit": "Deposit Tunai",
  "bank_internetbanking": "Perbankan Internet",
  "bank_localbanktransfer": "Pindahan Bank Tempatan",
  "bank_quickwithdraw": "Pengeluaran Pantas",
  "bank_message": "Di Webet333, anda boleh melakukan transaksi dengan mudah dan cekap, kerana terdapat banyak kaedah pengeluaran dan deposit untuk anda pilih dan pilih. Sila lihat semua pilihan perbankan kami yang ditunjukkan di bawah, dan pilih kaedah yang paling sesuai dengan anda.",
  "currentbalance": "Baki Terkini",
  "game_in_maintenance_new_promotion": "Anda mempunyai baki dalam permainan penyelenggaraan, tidak dapat menggunakan promosi baru. sila cuba kemudian.",
  "pending_sports_deposit_error": "Sportsbook anda masih mempunyai pertaruhan yang belum selesai, sila tunggu sehingga semua pertaruhan diselesaikan",
  "show_waring_deposit": "Harap diingatkan, jika ada baki dalam akaun anda dan anda memohon promosi baru, anda tidak akan dapat menarik baki sehingga turnover / winover promosi baru selesai.",
  "show_waring_deposit_withoutpromotion": "Harap Diingatkan, Jika Anda Deposit Sekarang, Anda Harus Menyelesaikan Turnover / Winover Sebelum Anda Boleh Mengeluarkan Baki Anda",
  "Insufficient_balance_wallet": "Baki tidak mencukupi dalam wallet.",
  "file_format_error": "Format Fail tidak disokong hanya PDF dan Image Allow",
  "send_otp": "Hantar semula OTP",
  "verified_otp": "OTP yang disahkan",
  "error_otp_required": "Sila Masukkan OTP !!",
  "otp_text": "Masukkan Otp yang dihantar ke nombor telefon bimbit anda",
  "otp_send_success": "OTP telah dikirim untuk mendaftarkan no telefon bimbit, masukkan OTP yang sah untuk mengaktifkan akaun ini.",
  "error_otp": "Sila Masukkan 6 Digit OTP !!",
  "signup": "Daftar",

  "gamecategory_casino": "Kasino",
  "gamecategory_slots": "Slot",
  "gamecategory_fishing": "Fishing",
  "gamecategory_sports": "Sport",

  "forget_page_text": "Lupa Kata Laluan? Sila masuk nombor telefon bimbit yang didaftar untuk dapatkan kata laluan baru",
  "msg_promotion_not_select": "Anda belum memilih sebarang promosi, adakah anda pasti meneruskan ?",
  "msg_restore": "Adakah anda pasti nak pulih ?",
  "no_record_found": "tiada rekod ditemui",
  "auto_transfer": "Pemindahan Automatik",
  "total_daily_turnover": "Jumlah Harian Turnover",

  "no_record_found_deposit": "tiada rekod ditemui",
  "no_record_found_withdraw": "tiada rekod ditemui",
  "no_record_found_transfer": "tiada rekod ditemui",
  "no_record_found_promotion": "tiada rekod ditemui",
  "no_record_found_rebate": "tiada rekod ditemui",
  "no_record_found_statement": "tiada rekod ditemui",

  "special_not_allowed": "Speical Charater tidak dibenarkan di Passsword !!"
}