{
  "forgot_pasword": "Forgot Password ?",
  "register": "REGISTER",
  "login": "LOGIN",
  "logout": "LOGOUT",
  "username_placeholder": "Enter Username",
  "password_placeholder": "Enter Password",
  "username": "Username ",
  "current_balance": "Current Balance",
  "my_account": "MY ACCOUNT",
  "reset_password": "Reset Password",
  "register_account": "REGISTER ACCOUNT",
  "remember": "Remember Me",
  "alert": "Alert!!!",

  "deposit": "DEPOSIT",
  "withdrawal": "WITHDRAWAL",
  "transfer": "TRANSFER",

  "notLoggedIn": "You are not Logged In. If you haven't an account. Please Register.",
  "noLogin": "User is not Logged In.",

  "announcement": "Announcement",

  "menu_home": "Home",
  "menu_sport_book": "Football",
  "menu_live_casino": "Live Casino",
  "menu_slot_game": "Slot Game",
  "menu_lottery": "Lottery",
  "menu_promotion": "Promotion",
  "menu_bank": "Bank",
  "menu_download": "Download",
  "menu_language": "Language",

  "about_us": "About Us",
  "bank": "Bank",
  "terms_and_condition": "Terms and Condition",
  "faqs": "Faqs",
  "how_to_join": "How to Join",
  "contact_us": "Contact Us",

  "supported_games": "Supported Games",
  "accepted_banks": "Accepted Banks",
  "all_reserved": "2020 WEBET333. All Rights Reserved.",

  "how_to_win": "HOW TO WIN ?",
  "game_process": "Game Process",
  "register_home": "REGISTER",
  "for_an_account": "FOR AN ACCOUNT",
  "deposit_home": "DEPOSIT",
  "your_fund": "YOUR FUND",
  "play_home": "PLAY",
  "game": "GAMES",
  "withdraw_home": "WITHDRAW",
  "your_winnings": "YOUR WINNINGS",
  "play_now": "Play Now",
  "download": "Download",

  "basic_information": "Basic Information",
  "account_information": "Account Information",
  "contact_details": "Contact Details",
  "name_instruction": "Registered name must match your bank account name for banking purpose.You wont able to change your name after registered",
  "terms_condition_accept": " I accept the Terms & Conditions , Privacy Policy and Age Verification Policy as published on this site.",
  "nric_placeholder": "Full Name as NRIC",
  "confirm_password_placeholder": "Confirm Password",
  "email_placeholder": "Email Address",
  "contact_instruction": "Please enter valid phone number to received TAC number for activation account",
  "submit_button": "Submit",

  "bank_information": "BANKING INFORMATION",
  "last_update_on": "Last Update On :",
  "important_notes": "IMPORTANT NOTES",

  "about_us_page": "ABOUT US",
  "terms_and_condition_page": "TERMS AND CONDITIONS",

  "how_to_join_page": "HOW TO JOIN",

  "register_bank_account": "REGISTER BANK ACCOUNT",
  "bank_details": "Bank Details",
  "account_holder_placeholder": "Account Holder",
  "account_number_placeholder": "Account Number",
  "register_bank_details": "Register Bank Detail",

  "otp_verification": "OTP Verification",

  "profile_title": "PROFILE",
  "profile_change_password": "CHANGE PASSWORD",
  "profile_current_password": "Current Password:",
  "profile_current_password_placeholder": "Current Password",
  "profile_new_password": "New Password:",
  "profile_new_password_placeholder": "New Password",
  "profile_confirm_password": "Confirm Password:",
  "profile_confirm_password_placeholder": "Confirm Password",
  "profile_confirm_change_password": "CONFIRM CHANGE PASSWORD",

  "profile_update_personal_details": "UPDATE PERSONAL DETAILS",
  "profile_username": "Username  :",
  "profile_email": "Email :",
  "profile_full_name": "Full Name :",
  "profile_mobile": "Mobile :",
  "profile_update_personal_details_button": "UPDATE PERSONAL DETAILS",

  "profile_update_bank_details": "UPDATE BANK DETAILS",
  "profile_your_bank": "Your Bank :",
  "profile_account_holder": "Account Holder :",
  "profile_account_number": "Account Number :",
  "profile_select_new_bank": "Select New Bank :",
  "profile_select_new_bank_ddl": "Select a Bank",
  "profile_new_account_number": "New Account Number :",
  "profile_new_account_number_placeholder": "Enter Account Number",
  "profile_update_bank_details_button": "UPDATE BANK DETAILS",

  "deposit_title": "DEPOSIT",
  "deposit_step": "STEP",
  "deposit_please_bank": "Please bank in to these bank account.",
  "deposit_please_fill_in_the_deposit_details": "Please fill in the deposit details.",
  "deposit_company_bank_name": "Deposit Options :",
  "deposit_to": "Deposit To :",
  "deposit_amount": "Amount :",
  "deposit_placeholder_amount": "Enter Your Amount",
  "deposit_deposit_method": "Deposit Method :",
  "deposit_date_time": "Date Time :",
  "deposit_placeholder_date_time": "Select Date",
  "deposit_reference_number": "Reference Number :",
  "deposit_placeholde_reference_number": "Enter your reference number",
  "deposit_scanned_receipt": "Scanned Receipt :",
  "deposit_upload_receipt": "Upload Receipts",
  "deposit_choose_your_promotion": "Choose your promotion (Optional)",
  "deposit_submit": "SUBMIT",
  "ddl_placeholder": "-- Select --",

  "withdrawal_title": "WITHDRAWAL",
  "withdrawal_step": "STEP",
  "withdrawal_please_verify_your_bank_details": "Please verify your bank details, or contact our customer service shall you need to update the relevant information",
  "withdrawal_bankname": "Bank Name",
  "withdrawal_account_holder": "Account Holder",
  "withdrawal_account_number": "Account Number",
  "withdrawal_please_fill_following_form": "Please fill in the following form to request for a withdrawal.",
  "withdrawal_from": "From :",
  "withdrawal_balance": "Balance :",
  "withdrawal_amount": "Amount :",
  "withdrawal_placeholder_amount": "Enter Your Amount",
  "withdrawal_submit": "SUBMIT",

  "transfer_title": "TRANSFER",
  "transfer_transfer_details": "TRANSFER DETAIL",
  "transfer_please_fill_in_the_following_form": "Please fill in the following form to request for a transfer",
  "transfer_from": "From :",
  "transfer_to": "To :",
  "transfer_amount": "Amount :",
  "transfer_max": "Transfer Max",
  "transfer_button": "TRANSFER",

  "history": "HISTORY",
  "restore": "Restore",
  "statement": "STATEMENT",

  "forgtopasswordststic": "Please enter your Phone Number.",
  "forgtopassword_placeholder": "Phone Number",
  "forgtopassworbutton": "SUBMIT",

  "sidebar_login": "Login",
  "sidebar_home": "Home",
  "sidebar_Desktop": "Desktop",
  "sidebar_Language": "Language",
  "sidebar_About_US": "About US",
  "sidebar_T_&_C": "T & C",
  "sidebar_Profile": "Profile",
  "sidebar_Logout": "Logout",
  "sidebar_Download": "Download",
  "My_wallet": "My Wallet",
  "Promotion": "Promotion",
  "Live_chat": "Live Chat",
  "NotSignIn": "You are not signed in. Join or register. Now",

  "Description": "Playing Casino Games online is fun, simple, and available 24/7, 365 days a year. Log into your account and enjoy the latest in online gaming technology as you play a variety of different themed online slots, including exciting features like scatters, wilds, and multipliers to help you maximize your gaming experience. The classic casino games that you know and love are also available online. Included are online roulette and online blackjack with traditional rules as well as special features like Blackjack Switch which allows you to exchange your cards and progressive Roulette and Blackjack where an extra side bet allows you to play for some of the most lucrative payouts in the online casino game industry.Have fun and please play responsibly. www.webet333.com",
  "password": "Password",
  "load_more": "Load More",
  "your_access_information": "Your Access Information",
  "click_to_download": "Click to Download",
  "rebate": "REBATE",
  "loseRebate": "Lose Rebate",
  "turnoverCommissionRebate": "Turnover Commission Rebate",
  "mobile_my_account": "Account",

  "mobile_menu_deposit": "Deposit",
  "mobile_menu_Withdraw": "Withdraw",
  "mobile_menu_Transfer": "Transfer",
  "mobile_menu_Restore": "Restore",
  "mobile_menu_History": "History",
  "mobile_login": "Login",

  "balance": "Balance",
  "username_instruction": "Username must contain a length of 7 charaters",
  "password_instruction": "Password must contain a length of 6 charaters",
  "password_alpha_instruction": "Password must be alphanumeric.",
  "password_username_same": "Password and username must be different.",
  "join": "JOIN",

  "agslot_game": "AG Slots",
  "pussy888slot_game": "Pussy888 Slots",
  "jokerslot_game": "Joker Slots",
  "pragmaticslot_game": "Prag. Slots",
  "kiss918slot_game": "918 Kiss Slots",
  "mega888slot_game": "Mega888 Slots",
  "aglive_game": "AG Casino",
  "playtechslot_game": "Playtech Slots",
  "playtechlive_game": "Playtech Casino",
  "allbetlive_game": "AllBet Casino",
  "maxbet_game": "Maxbet Sports",
  "m8_game": "M8 Sports",
  "dg_game": "DG Casino",
  "sa_game": "SA Casino",
  "sexybaccarat_game": "Sexy B. Casino",
  "allBet_game": "AllBet Casino",
  "wm_game": "WM Casino",
  "yeebet_game": "YeeBet Casino",
  "SBO_Game": "SBO Sports",
  "coming_soon": "Coming Soon",
  "click_play": "Click to Play",

  "mobile_no_required_error": "Mobile Number is required.",
  "sms_error": "SMS not send !! Please Contact to Administration.",
  "mobile_length_error": "Please enter Mobile number Minimum 10 digits.",
  "pass_length_error": "Password length Minimum 6 digits.",
  "username_required_error": "Username Filed is required.",
  "username_length_error": "Username Length too short.",
  "password_required_error": "Password Filed is required.",
  "confirm_password_required_error": "Confirm Password Filed is required.",
  "name_required_error": "Name Filed is required.",
  "username_pass_diff_error": "Password and username must be different.",
  "pass_alpha_error": "Password must be alphanumeric.",
  "pass_not_match_error": "Passwords do not match!",
  "please_loign_error": "Please Login !",
  "select_bank_name_error": "Select Bank Name.",
  "enter_acc_name_error": "Enter Account Holder Name.",
  "enter_acc_no_error": "Enter Account Number.",
  "receipt_required_error": "Receipt is required.",
  "plz_selet_bnk_error": "Please Select Bank",
  "select_date_time_error": "Please Select Date Time",
  "refer_no_error": "Please Insert Reference no",
  "promo_apply_balance_error": "Your balance is lower than 5 MYR of your deposit balance, you are available to apply new promotion, and your existing promotion wil be expired.",
  "amount_greater_zero_error": "Please Enter Amount Greater than 0.",
  "promot_active_error": "You cannot apply promotion,Because have active promotion",
  "min_max_amount_error": "Minimun Amount 10 and Maximum Amount is 30000.",
  "min_max_amount_error_parameter": "Minimun Amount 10 and Maximum Amount is ",
  "min1_max1000_amount_error": "Minimun Amount 1",
  "bnk_name_required_error": "Bank Name Filed is required.",

  "amt_req_error": "Amount Filed is required.",
  "acc_no_req_error": "Account number Filed is required.",

  "promo_ongoing_withdraw_error": "Your Promotion is on going, cannot withdraw till the promotion is completed",
  "trans_not_completd_error": "Your Transaction is not completed.",
  "maintainenance_error": "Game in Maintenance",
  "less_amount_error": "Please insert less amount.",
  "select_from_wallet_error": "Please select from wallet.",
  "select_to_wallet_error": "Please select to wallet.",
  "user_not_login_error": "User is not Logged In.",

  "team_conditon_agree": "Please indicate that you have read and agree to the Terms and Conditions and Privacy Policy",
  "recaptcha": "Please check the recaptcha",
  "restore_history": "Restore",

  "important_notice": "IMPORTANT NOTICE",
  "instruction_1": "Always check for the latest active deposit bank details before making a deposit.",
  "instruction_2": "For using deposit option \"Bank Transfer\", Please make the transfer before submit the transaction to avoid the transaction is delay.",
  "instruction_3": "Depositor's ACCOUNT NAME must match with registered full name. We do not encourage transaction made using 3rd party/company account.",
  "instruction_4": "Please DO NOT fill \"WEBET333\" # or any sensitive remarks related to gambling as reference/remark in your online transfer transaction.\"",
  "instruction_5": "Please take note that 1x turnover is required for all deposits made before any withdrawal can be processed.",
  "instruction_6A": "Kindly check with our",
  "instruction_6B": "if your transaction is pending for more than 5 minutes.",
  "instruction_7A": "For further inquiries, kindly contact our ",
  "instruction_7B": ". Thank you.",
  "livechat": ". 24/7 LIVECHAT",

  "bank_bankDetails": "BanK Details",
  "bank_accountname": "Account Name",
  "bank_accountnumber": "Account Number",
  "bank_bankingoptions": "Banking Options",
  "bank_transactionlimit": "Transaction Limit",
  "bank_Minimum": "Minimum",
  "bank_Maximum": "Maximum",
  "bank_processingtime": "Pprocessing Time",
  "bank_cashdeposit": "Cash Deposit",
  "bank_internetbanking": "Internet Banking",
  "bank_localbanktransfer": "Local Bank Transfer",
  "bank_quickwithdraw": "Quick Withdraw",
  "bank_message": "At Webet333, you can make transactions with convenience and efficient, as there is a wide variety of withdrawal and deposit methods for you to pick and choose from. Please glance over at all of our banking options shown below, and choose a method that suits you best.",
  "currentbalance": "Current Balance",

  "game_in_maintenance_new_promotion": "You have balance under maintenance game, cannot apply new promotion. please try it later.",
  "pending_sports_deposit_error": "Sports Book still have pending bets yet to be unsettledplease wait until all bets has been settled",
  "show_waring_deposit": "Please be reminded, if there is balance in your account and you can apply new promotion, the balance Would not be able to Withdraw until you completed the new promotion turnover/winturn reqirement.",
  "show_waring_deposit_withoutpromotion": "Please Be Reminded, If You Deposit Now, You Have To Complete The Turnover/Winover Requirement Before You Are Able To Withdraw",
  "Insufficient_balance_wallet": "Insufficient balance in wallet.",
  "file_format_error": "File Format not supported only PDF and Image Allow",
  "send_otp": "Resend OTP",
  "verified_otp": "Verified OTP",
  "error_otp_required": "Please Insert OTP !!",
  "otp_text": "Enter OTP sent to your mobile number",
  "otp_send_success": "OTP had been sent to register mobile no , please enter valid OTP to activate this account.",
  "error_otp": "Please Insert 6 Digit OTP !!",
  "signup": "Sign Up",

  "gamecategory_casino": "Casino",
  "gamecategory_slots": "Slot",
  "gamecategory_fishing": "Fishing",
  "gamecategory_sports": "Sport",

  "forget_page_text": "Forgot password? Please enter your Registered Phone number to get password reset link",
  "msg_promotion_not_select": "You have not selected any promotion, Are you sure to proceed ?",
  "msg_restore": "Are you sure to proceed Restore",
  "no_record_found": "No Record Found",
  "auto_transfer": "Main Wallet Auto Transfer",
  "total_daily_turnover": "Total Daily Turnover",

  "no_record_found_deposit": "No Record Found",
  "no_record_found_withdraw": "No Record Found",
  "no_record_found_transfer": "No Record Found",
  "no_record_found_promotion": "No Record Found",
  "no_record_found_rebate": "No Record Found",
  "no_record_found_statement": "No Record Found",

  "special_not_allowed": "Speical Charater are not allowed in Passsword !!"
}